# cbmc devtable.c -DNSTEPS=8 -DNDEV=2 -DCFG_UNBORN_WAIT=0 --unwind 9 --unwinding-assertions --bounds-check --sat-solver cadical --trace --property check_pin.assertion.2
CBMC version 6.6.0 (cbmc-6.6.0) 64-bit x86_64 linux
Type-checking devtable
Generating GOTO Program
Adding CPROVER library (x86_64)
Removal of function pointers and virtual functions
Generic Property Instrumentation
Starting Bounded Model Checking
The specified solver, 'cadical', is not available. The default solver will be used instead.
Passing problem to propositional reduction
converting SSA
Running propositional reduction
SAT checker: instance is SATISFIABLE
Building error trace

** Results:
devtable.c function check_pin
[check_pin.assertion.2] line 692 walk acts on a superblock that dropped its claim on the device before SB_BORN: FAILURE

Trace for check_pin.assertion.2:

State 54 file devtable.c function __CPROVER_initialize line 151 thread 0
----------------------------------------------------
  ROW[0l]=&E0 (00000111 00000000 00000000 00000000 00000000 00000000 00000000 00000000)

State 55 file devtable.c function __CPROVER_initialize line 151 thread 0
----------------------------------------------------
  ROW[1l]=&E1 (00000101 00000000 00000000 00000000 00000000 00000000 00000000 00000000)

State 56 file devtable.c function __CPROVER_initialize line 151 thread 0
----------------------------------------------------
  ROW[2l]=&E2 (00000100 00000000 00000000 00000000 00000000 00000000 00000000 00000000)

State 57 file devtable.c function __CPROVER_initialize line 151 thread 0
----------------------------------------------------
  ROW[3l]=&E3 (00000011 00000000 00000000 00000000 00000000 00000000 00000000 00000000)

State 58 file devtable.c function __CPROVER_initialize line 151 thread 0
----------------------------------------------------
  ROW[4l]=&E4 (00000010 00000000 00000000 00000000 00000000 00000000 00000000 00000000)

State 72 file devtable.c function __CPROVER_initialize line 153 thread 0
----------------------------------------------------
  SBP[0l]=&S0 (00001000 00000000 00000000 00000000 00000000 00000000 00000000 00000000)

State 73 file devtable.c function __CPROVER_initialize line 153 thread 0
----------------------------------------------------
  SBP[1l]=&S1 (00000110 00000000 00000000 00000000 00000000 00000000 00000000 00000000)

State 75 file devtable.c function __CPROVER_initialize line 157 thread 0
----------------------------------------------------
  claims[0l]={ 0, 0, 0 } ({ 00000000 00000000 00000000 00000000, 00000000 00000000 00000000 00000000, 00000000 00000000 00000000 00000000 })

State 76 file devtable.c function __CPROVER_initialize line 157 thread 0
----------------------------------------------------
  claims[0l][0l]=0 (00000000 00000000 00000000 00000000)

State 77 file devtable.c function __CPROVER_initialize line 157 thread 0
----------------------------------------------------
  claims[0l][1l]=0 (00000000 00000000 00000000 00000000)

State 78 file devtable.c function __CPROVER_initialize line 157 thread 0
----------------------------------------------------
  claims[0l][2l]=0 (00000000 00000000 00000000 00000000)

State 79 file devtable.c function __CPROVER_initialize line 157 thread 0
----------------------------------------------------
  claims[1l]={ 0, 0, 0 } ({ 00000000 00000000 00000000 00000000, 00000000 00000000 00000000 00000000, 00000000 00000000 00000000 00000000 })

State 80 file devtable.c function __CPROVER_initialize line 157 thread 0
----------------------------------------------------
  claims[1l][0l]=0 (00000000 00000000 00000000 00000000)

State 81 file devtable.c function __CPROVER_initialize line 157 thread 0
----------------------------------------------------
  claims[1l][1l]=0 (00000000 00000000 00000000 00000000)

State 82 file devtable.c function __CPROVER_initialize line 157 thread 0
----------------------------------------------------
  claims[1l][2l]=0 (00000000 00000000 00000000 00000000)

State 85 file devtable.c function __CPROVER_initialize line 160 thread 0
----------------------------------------------------
  cursor[0l]=((struct super_dev *)NULL) (00000000 00000000 00000000 00000000 00000000 00000000 00000000 00000000)

State 87 file devtable.c function __CPROVER_initialize line 161 thread 0
----------------------------------------------------
  cursor_dev[0l]=0 (00000000 00000000 00000000 00000000)

State 89 file devtable.c function __CPROVER_initialize line 170 thread 0
----------------------------------------------------
  cursor_prev[0l]=((struct super_dev *)NULL) (00000000 00000000 00000000 00000000 00000000 00000000 00000000 00000000)

State 91 file devtable.c function __CPROVER_initialize line 163 thread 0
----------------------------------------------------
  cursor_sb[0l]=((struct super_block *)NULL) (00000000 00000000 00000000 00000000 00000000 00000000 00000000 00000000)

State 93 file devtable.c function __CPROVER_initialize line 162 thread 0
----------------------------------------------------
  cursor_taken[0l]=0 (00000000 00000000 00000000 00000000)

State 95 file devtable.c function __CPROVER_initialize line 169 thread 0
----------------------------------------------------
  cursor_wait[0l]=((struct super_block *)NULL) (00000000 00000000 00000000 00000000 00000000 00000000 00000000 00000000)

State 97 file devtable.c function __CPROVER_initialize line 196 thread 0
----------------------------------------------------
  log_arg[0l]=0 (00000000 00000000 00000000 00000000)

State 98 file devtable.c function __CPROVER_initialize line 196 thread 0
----------------------------------------------------
  log_arg[1l]=0 (00000000 00000000 00000000 00000000)

State 99 file devtable.c function __CPROVER_initialize line 196 thread 0
----------------------------------------------------
  log_arg[2l]=0 (00000000 00000000 00000000 00000000)

State 100 file devtable.c function __CPROVER_initialize line 196 thread 0
----------------------------------------------------
  log_arg[3l]=0 (00000000 00000000 00000000 00000000)

State 101 file devtable.c function __CPROVER_initialize line 196 thread 0
----------------------------------------------------
  log_arg[4l]=0 (00000000 00000000 00000000 00000000)

State 102 file devtable.c function __CPROVER_initialize line 196 thread 0
----------------------------------------------------
  log_arg[5l]=0 (00000000 00000000 00000000 00000000)

State 103 file devtable.c function __CPROVER_initialize line 196 thread 0
----------------------------------------------------
  log_arg[6l]=0 (00000000 00000000 00000000 00000000)

State 104 file devtable.c function __CPROVER_initialize line 196 thread 0
----------------------------------------------------
  log_arg[7l]=0 (00000000 00000000 00000000 00000000)

State 106 file devtable.c function __CPROVER_initialize line 196 thread 0
----------------------------------------------------
  log_op[0l]=0 (00000000 00000000 00000000 00000000)

State 107 file devtable.c function __CPROVER_initialize line 196 thread 0
----------------------------------------------------
  log_op[1l]=0 (00000000 00000000 00000000 00000000)

State 108 file devtable.c function __CPROVER_initialize line 196 thread 0
----------------------------------------------------
  log_op[2l]=0 (00000000 00000000 00000000 00000000)

State 109 file devtable.c function __CPROVER_initialize line 196 thread 0
----------------------------------------------------
  log_op[3l]=0 (00000000 00000000 00000000 00000000)

State 110 file devtable.c function __CPROVER_initialize line 196 thread 0
----------------------------------------------------
  log_op[4l]=0 (00000000 00000000 00000000 00000000)

State 111 file devtable.c function __CPROVER_initialize line 196 thread 0
----------------------------------------------------
  log_op[5l]=0 (00000000 00000000 00000000 00000000)

State 112 file devtable.c function __CPROVER_initialize line 196 thread 0
----------------------------------------------------
  log_op[6l]=0 (00000000 00000000 00000000 00000000)

State 113 file devtable.c function __CPROVER_initialize line 196 thread 0
----------------------------------------------------
  log_op[7l]=0 (00000000 00000000 00000000 00000000)

State 115 file devtable.c function __CPROVER_initialize line 196 thread 0
----------------------------------------------------
  log_ret[0l]=0 (00000000 00000000 00000000 00000000)

State 116 file devtable.c function __CPROVER_initialize line 196 thread 0
----------------------------------------------------
  log_ret[1l]=0 (00000000 00000000 00000000 00000000)

State 117 file devtable.c function __CPROVER_initialize line 196 thread 0
----------------------------------------------------
  log_ret[2l]=0 (00000000 00000000 00000000 00000000)

State 118 file devtable.c function __CPROVER_initialize line 196 thread 0
----------------------------------------------------
  log_ret[3l]=0 (00000000 00000000 00000000 00000000)

State 119 file devtable.c function __CPROVER_initialize line 196 thread 0
----------------------------------------------------
  log_ret[4l]=0 (00000000 00000000 00000000 00000000)

State 120 file devtable.c function __CPROVER_initialize line 196 thread 0
----------------------------------------------------
  log_ret[5l]=0 (00000000 00000000 00000000 00000000)

State 121 file devtable.c function __CPROVER_initialize line 196 thread 0
----------------------------------------------------
  log_ret[6l]=0 (00000000 00000000 00000000 00000000)

State 122 file devtable.c function __CPROVER_initialize line 196 thread 0
----------------------------------------------------
  log_ret[7l]=0 (00000000 00000000 00000000 00000000)

State 125 file devtable.c function __CPROVER_initialize line 189 thread 0
----------------------------------------------------
  reg_dev[0l]=0u (00000000 00000000 00000000 00000000)

State 126 file devtable.c function __CPROVER_initialize line 189 thread 0
----------------------------------------------------
  reg_dev[1l]=0u (00000000 00000000 00000000 00000000)

State 128 file devtable.c function __CPROVER_initialize line 190 thread 0
----------------------------------------------------
  reg_row[0l]=((struct super_dev *)NULL) (00000000 00000000 00000000 00000000 00000000 00000000 00000000 00000000)

State 129 file devtable.c function __CPROVER_initialize line 190 thread 0
----------------------------------------------------
  reg_row[1l]=((struct super_dev *)NULL) (00000000 00000000 00000000 00000000 00000000 00000000 00000000 00000000)

State 131 file devtable.c function __CPROVER_initialize line 188 thread 0
----------------------------------------------------
  reg_sb[0l]=0 (00000000 00000000 00000000 00000000)

State 132 file devtable.c function __CPROVER_initialize line 188 thread 0
----------------------------------------------------
  reg_sb[1l]=0 (00000000 00000000 00000000 00000000)

State 134 file devtable.c function __CPROVER_initialize line 187 thread 0
----------------------------------------------------
  reg_state[0l]=0 (00000000 00000000 00000000 00000000)

State 135 file devtable.c function __CPROVER_initialize line 187 thread 0
----------------------------------------------------
  reg_state[1l]=0 (00000000 00000000 00000000 00000000)

State 138 file devtable.c function __CPROVER_initialize line 158 thread 0
----------------------------------------------------
  sget_claim[0l]=0 (00000000 00000000 00000000 00000000)

State 139 file devtable.c function __CPROVER_initialize line 158 thread 0
----------------------------------------------------
  sget_claim[1l]=0 (00000000 00000000 00000000 00000000)

State 141 file devtable.c function __CPROVER_initialize line 178 thread 0
----------------------------------------------------
  unborn_drop[0l]={ 0, 0, 0 } ({ 00000000 00000000 00000000 00000000, 00000000 00000000 00000000 00000000, 00000000 00000000 00000000 00000000 })

State 142 file devtable.c function __CPROVER_initialize line 178 thread 0
----------------------------------------------------
  unborn_drop[0l][0l]=0 (00000000 00000000 00000000 00000000)

State 143 file devtable.c function __CPROVER_initialize line 178 thread 0
----------------------------------------------------
  unborn_drop[0l][1l]=0 (00000000 00000000 00000000 00000000)

State 144 file devtable.c function __CPROVER_initialize line 178 thread 0
----------------------------------------------------
  unborn_drop[0l][2l]=0 (00000000 00000000 00000000 00000000)

State 145 file devtable.c function __CPROVER_initialize line 178 thread 0
----------------------------------------------------
  unborn_drop[1l]={ 0, 0, 0 } ({ 00000000 00000000 00000000 00000000, 00000000 00000000 00000000 00000000, 00000000 00000000 00000000 00000000 })

State 146 file devtable.c function __CPROVER_initialize line 178 thread 0
----------------------------------------------------
  unborn_drop[1l][0l]=0 (00000000 00000000 00000000 00000000)

State 147 file devtable.c function __CPROVER_initialize line 178 thread 0
----------------------------------------------------
  unborn_drop[1l][1l]=0 (00000000 00000000 00000000 00000000)

State 148 file devtable.c function __CPROVER_initialize line 178 thread 0
----------------------------------------------------
  unborn_drop[1l][2l]=0 (00000000 00000000 00000000 00000000)

State 153 file devtable.c function __CPROVER_initialize line 159 thread 0
----------------------------------------------------
  user_refs[0l]=0 (00000000 00000000 00000000 00000000)

State 154 file devtable.c function __CPROVER_initialize line 159 thread 0
----------------------------------------------------
  user_refs[1l]=0 (00000000 00000000 00000000 00000000)

State 156 file devtable.c function __CPROVER_initialize line 177 thread 0
----------------------------------------------------
  was_claimed[0l]={ 0, 0, 0 } ({ 00000000 00000000 00000000 00000000, 00000000 00000000 00000000 00000000, 00000000 00000000 00000000 00000000 })

State 157 file devtable.c function __CPROVER_initialize line 177 thread 0
----------------------------------------------------
  was_claimed[0l][0l]=0 (00000000 00000000 00000000 00000000)

State 158 file devtable.c function __CPROVER_initialize line 177 thread 0
----------------------------------------------------
  was_claimed[0l][1l]=0 (00000000 00000000 00000000 00000000)

State 159 file devtable.c function __CPROVER_initialize line 177 thread 0
----------------------------------------------------
  was_claimed[0l][2l]=0 (00000000 00000000 00000000 00000000)

State 160 file devtable.c function __CPROVER_initialize line 177 thread 0
----------------------------------------------------
  was_claimed[1l]={ 0, 0, 0 } ({ 00000000 00000000 00000000 00000000, 00000000 00000000 00000000 00000000, 00000000 00000000 00000000 00000000 })

State 161 file devtable.c function __CPROVER_initialize line 177 thread 0
----------------------------------------------------
  was_claimed[1l][0l]=0 (00000000 00000000 00000000 00000000)

State 162 file devtable.c function __CPROVER_initialize line 177 thread 0
----------------------------------------------------
  was_claimed[1l][1l]=0 (00000000 00000000 00000000 00000000)

State 163 file devtable.c function __CPROVER_initialize line 177 thread 0
----------------------------------------------------
  was_claimed[1l][2l]=0 (00000000 00000000 00000000 00000000)

State 167 file devtable.c function main line 790 thread 0
----------------------------------------------------
  step=0 (00000000 00000000 00000000 00000000)

State 168 file devtable.c function main line 790 thread 0
----------------------------------------------------
  s=0 (00000000 00000000 00000000 00000000)

State 169 file devtable.c function main line 790 thread 0
----------------------------------------------------
  i=3 (00000000 00000000 00000000 00000011)

State 170 file devtable.c function main line 790 thread 0
----------------------------------------------------
  c=0 (00000000 00000000 00000000 00000000)

State 171 file devtable.c function main line 793 thread 0
----------------------------------------------------
  s=0 (00000000 00000000 00000000 00000000)

State 181 file devtable.c function main line 794 thread 0
----------------------------------------------------
  S0.s_passive=1 (00000000 00000000 00000000 00000001)

State 187 file devtable.c function main line 795 thread 0
----------------------------------------------------
  dev=0u (00000000 00000000 00000000 00000000)

State 188 file devtable.c function main line 795 thread 0
----------------------------------------------------
  sb=&S0 (00001000 00000000 00000000 00000000 00000000 00000000 00000000 00000000)

State 189 file devtable.c function super_dev_alloc line 356 thread 0
----------------------------------------------------
  fsd=((struct super_dev *)NULL) (00000000 00000000 00000000 00000000 00000000 00000000 00000000 00000000)

State 192 file devtable.c function kzalloc_super_dev line 244 thread 0
----------------------------------------------------
  i=0 (00000000 00000000 00000000 00000000)

State 199 file devtable.c function alloc_fail line 238 thread 0
----------------------------------------------------
  return_value_nondet_bool=FALSE (00000000)

State 200 file devtable.c function alloc_fail line 238 thread 0
----------------------------------------------------
  tmp_if_expr=FALSE (0)

State 202 file devtable.c function alloc_fail line 238 thread 0
----------------------------------------------------
  goto_symex$$return_value$$alloc_fail=0 (00000000 00000000 00000000 00000000)

State 204 file devtable.c function kzalloc_super_dev line 246 thread 0
----------------------------------------------------
  return_value_alloc_fail=0 (00000000 00000000 00000000 00000000)

State 207 file devtable.c function kzalloc_super_dev line 248 thread 0
----------------------------------------------------
  e=((struct super_dev *)NULL) (00000000 00000000 00000000 00000000 00000000 00000000 00000000 00000000)

State 208 file devtable.c function kzalloc_super_dev line 250 thread 0
----------------------------------------------------
  i=0 (00000000 00000000 00000000 00000000)

State 221 file devtable.c function kzalloc_super_dev line 252 thread 0
----------------------------------------------------
  e=&E0 (00000111 00000000 00000000 00000000 00000000 00000000 00000000 00000000)

State 223 file devtable.c function kzalloc_super_dev line 250 thread 0
----------------------------------------------------
  i=1 (00000000 00000000 00000000 00000001)

State 236 file devtable.c function kzalloc_super_dev line 250 thread 0
----------------------------------------------------
  i=2 (00000000 00000000 00000000 00000010)

State 249 file devtable.c function kzalloc_super_dev line 250 thread 0
----------------------------------------------------
  i=3 (00000000 00000000 00000000 00000011)

State 262 file devtable.c function kzalloc_super_dev line 250 thread 0
----------------------------------------------------
  i=4 (00000000 00000000 00000000 00000100)

State 275 file devtable.c function kzalloc_super_dev line 250 thread 0
----------------------------------------------------
  i=5 (00000000 00000000 00000000 00000101)

State 284 file devtable.c function kzalloc_super_dev line 254 thread 0
----------------------------------------------------
  E0.sd_dev=0u (00000000 00000000 00000000 00000000)

State 291 file devtable.c function kzalloc_super_dev line 255 thread 0
----------------------------------------------------
  E0.sd_sb=((struct super_block *)NULL) (00000000 00000000 00000000 00000000 00000000 00000000 00000000 00000000)

State 298 file devtable.c function kzalloc_super_dev line 256 thread 0
----------------------------------------------------
  E0.sd_ref=0 (00000000 00000000 00000000 00000000)

State 305 file devtable.c function kzalloc_super_dev line 257 thread 0
----------------------------------------------------
  E0.m_used=1 (00000000 00000000 00000000 00000001)

State 312 file devtable.c function kzalloc_super_dev line 258 thread 0
----------------------------------------------------
  E0.m_linked=0 (00000000 00000000 00000000 00000000)

State 319 file devtable.c function kzalloc_super_dev line 259 thread 0
----------------------------------------------------
  E0.m_seq=0 (00000000 00000000 00000000 00000000)

State 326 file devtable.c function kzalloc_super_dev line 260 thread 0
----------------------------------------------------
  E0.m_dying=0 (00000000 00000000 00000000 00000000)

State 333 file devtable.c function kzalloc_super_dev line 261 thread 0
----------------------------------------------------
  E0.m_passive=0 (00000000 00000000 00000000 00000000)

State 334 file devtable.c function kzalloc_super_dev line 262 thread 0
----------------------------------------------------
  goto_symex$$return_value$$kzalloc_super_dev=&E0 (00000111 00000000 00000000 00000000 00000000 00000000 00000000 00000000)

State 336 file devtable.c function super_dev_alloc line 358 thread 0
----------------------------------------------------
  fsd=&E0 (00000111 00000000 00000000 00000000 00000000 00000000 00000000 00000000)

State 344 file devtable.c function super_dev_alloc line 361 thread 0
----------------------------------------------------
  E0.sd_dev=0u (00000000 00000000 00000000 00000000)

State 351 file devtable.c function super_dev_alloc line 362 thread 0
----------------------------------------------------
  E0.sd_sb=&S0 (00001000 00000000 00000000 00000000 00000000 00000000 00000000 00000000)

State 354 file devtable.c function super_dev_alloc line 363 thread 0
----------------------------------------------------
  r=&E0.sd_ref (00000111 00000000 00000000 00000000 00000000 00000000 00000000 00010000)

State 355 file devtable.c function super_dev_alloc line 363 thread 0
----------------------------------------------------
  v=1 (00000000 00000000 00000000 00000001)

State 362 file devtable.c function refcount_set line 209 thread 0
----------------------------------------------------
  E0.sd_ref=1 (00000000 00000000 00000000 00000001)

State 364 file devtable.c function super_dev_alloc line 364 thread 0
----------------------------------------------------
  goto_symex$$return_value$$super_dev_alloc=&E0 (00000111 00000000 00000000 00000000 00000000 00000000 00000000 00000000)

State 366 file devtable.c function main line 795 thread 0
----------------------------------------------------
  return_value_super_dev_alloc=&E0 (00000111 00000000 00000000 00000000 00000000 00000000 00000000 00000000)

State 375 file devtable.c function main line 795 thread 0
----------------------------------------------------
  S0.s_super_dev=&E0 (00000111 00000000 00000000 00000000 00000000 00000000 00000000 00000000)

Assumption:
  file devtable.c line 796 function main
  SBP[(signed long int)s]->s_super_dev != ((struct super_dev *)NULL)

State 391 file devtable.c function main line 797 thread 0
----------------------------------------------------
  S0.m_state=0 (00000000 00000000 00000000 00000000)

State 393 file devtable.c function main line 793 thread 0
----------------------------------------------------
  s=1 (00000000 00000000 00000000 00000001)

State 404 file devtable.c function main line 794 thread 0
----------------------------------------------------
  S1.s_passive=1 (00000000 00000000 00000000 00000001)

State 410 file devtable.c function main line 795 thread 0
----------------------------------------------------
  dev=0u (00000000 00000000 00000000 00000000)

State 411 file devtable.c function main line 795 thread 0
----------------------------------------------------
  sb=&S1 (00000110 00000000 00000000 00000000 00000000 00000000 00000000 00000000)

State 412 file devtable.c function super_dev_alloc line 356 thread 0
----------------------------------------------------
  fsd=((struct super_dev *)NULL) (00000000 00000000 00000000 00000000 00000000 00000000 00000000 00000000)

State 415 file devtable.c function kzalloc_super_dev line 244 thread 0
----------------------------------------------------
  i=0 (00000000 00000000 00000000 00000000)

State 422 file devtable.c function alloc_fail line 238 thread 0
----------------------------------------------------
  return_value_nondet_bool=FALSE (00000000)

State 423 file devtable.c function alloc_fail line 238 thread 0
----------------------------------------------------
  tmp_if_expr=FALSE (0)

State 425 file devtable.c function alloc_fail line 238 thread 0
----------------------------------------------------
  goto_symex$$return_value$$alloc_fail=0 (00000000 00000000 00000000 00000000)

State 427 file devtable.c function kzalloc_super_dev line 246 thread 0
----------------------------------------------------
  return_value_alloc_fail=0 (00000000 00000000 00000000 00000000)

State 430 file devtable.c function kzalloc_super_dev line 248 thread 0
----------------------------------------------------
  e=((struct super_dev *)NULL) (00000000 00000000 00000000 00000000 00000000 00000000 00000000 00000000)

State 431 file devtable.c function kzalloc_super_dev line 250 thread 0
----------------------------------------------------
  i=0 (00000000 00000000 00000000 00000000)

State 443 file devtable.c function kzalloc_super_dev line 250 thread 0
----------------------------------------------------
  i=1 (00000000 00000000 00000000 00000001)

State 457 file devtable.c function kzalloc_super_dev line 252 thread 0
----------------------------------------------------
  e=&E1 (00000101 00000000 00000000 00000000 00000000 00000000 00000000 00000000)

State 459 file devtable.c function kzalloc_super_dev line 250 thread 0
----------------------------------------------------
  i=2 (00000000 00000000 00000000 00000010)

State 472 file devtable.c function kzalloc_super_dev line 250 thread 0
----------------------------------------------------
  i=3 (00000000 00000000 00000000 00000011)

State 485 file devtable.c function kzalloc_super_dev line 250 thread 0
----------------------------------------------------
  i=4 (00000000 00000000 00000000 00000100)

State 498 file devtable.c function kzalloc_super_dev line 250 thread 0
----------------------------------------------------
  i=5 (00000000 00000000 00000000 00000101)

Assumption:
  file devtable.c line 253 function kzalloc_super_dev
  e != ((struct super_dev *)NULL)

State 508 file devtable.c function kzalloc_super_dev line 254 thread 0
----------------------------------------------------
  E1.sd_dev=0u (00000000 00000000 00000000 00000000)

State 515 file devtable.c function kzalloc_super_dev line 255 thread 0
----------------------------------------------------
  E1.sd_sb=((struct super_block *)NULL) (00000000 00000000 00000000 00000000 00000000 00000000 00000000 00000000)

State 522 file devtable.c function kzalloc_super_dev line 256 thread 0
----------------------------------------------------
  E1.sd_ref=0 (00000000 00000000 00000000 00000000)

State 529 file devtable.c function kzalloc_super_dev line 257 thread 0
----------------------------------------------------
  E1.m_used=1 (00000000 00000000 00000000 00000001)

State 536 file devtable.c function kzalloc_super_dev line 258 thread 0
----------------------------------------------------
  E1.m_linked=0 (00000000 00000000 00000000 00000000)

State 543 file devtable.c function kzalloc_super_dev line 259 thread 0
----------------------------------------------------
  E1.m_seq=0 (00000000 00000000 00000000 00000000)

State 550 file devtable.c function kzalloc_super_dev line 260 thread 0
----------------------------------------------------
  E1.m_dying=0 (00000000 00000000 00000000 00000000)

State 557 file devtable.c function kzalloc_super_dev line 261 thread 0
----------------------------------------------------
  E1.m_passive=0 (00000000 00000000 00000000 00000000)

State 558 file devtable.c function kzalloc_super_dev line 262 thread 0
----------------------------------------------------
  goto_symex$$return_value$$kzalloc_super_dev=&E1 (00000101 00000000 00000000 00000000 00000000 00000000 00000000 00000000)

State 560 file devtable.c function super_dev_alloc line 358 thread 0
----------------------------------------------------
  fsd=&E1 (00000101 00000000 00000000 00000000 00000000 00000000 00000000 00000000)

State 568 file devtable.c function super_dev_alloc line 361 thread 0
----------------------------------------------------
  E1.sd_dev=0u (00000000 00000000 00000000 00000000)

State 575 file devtable.c function super_dev_alloc line 362 thread 0
----------------------------------------------------
  E1.sd_sb=&S1 (00000110 00000000 00000000 00000000 00000000 00000000 00000000 00000000)

State 578 file devtable.c function super_dev_alloc line 363 thread 0
----------------------------------------------------
  r=&E1.sd_ref (00000101 00000000 00000000 00000000 00000000 00000000 00000000 00010000)

State 579 file devtable.c function super_dev_alloc line 363 thread 0
----------------------------------------------------
  v=1 (00000000 00000000 00000000 00000001)

State 586 file devtable.c function refcount_set line 209 thread 0
----------------------------------------------------
  E1.sd_ref=1 (00000000 00000000 00000000 00000001)

State 588 file devtable.c function super_dev_alloc line 364 thread 0
----------------------------------------------------
  goto_symex$$return_value$$super_dev_alloc=&E1 (00000101 00000000 00000000 00000000 00000000 00000000 00000000 00000000)

State 590 file devtable.c function main line 795 thread 0
----------------------------------------------------
  return_value_super_dev_alloc=&E1 (00000101 00000000 00000000 00000000 00000000 00000000 00000000 00000000)

State 599 file devtable.c function main line 795 thread 0
----------------------------------------------------
  S1.s_super_dev=&E1 (00000101 00000000 00000000 00000000 00000000 00000000 00000000 00000000)

Assumption:
  file devtable.c line 796 function main
  SBP[(signed long int)s]->s_super_dev != ((struct super_dev *)NULL)

State 615 file devtable.c function main line 797 thread 0
----------------------------------------------------
  S1.m_state=0 (00000000 00000000 00000000 00000000)

State 617 file devtable.c function main line 793 thread 0
----------------------------------------------------
  s=2 (00000000 00000000 00000000 00000010)

State 620 file devtable.c function main line 800 thread 0
----------------------------------------------------
  step=0 (00000000 00000000 00000000 00000000)

State 624 file devtable.c function main line 801 thread 0
----------------------------------------------------
  return_value_nondet_int=0 (00000000 00000000 00000000 00000000)

State 625 file devtable.c function main line 801 thread 0
----------------------------------------------------
  op=0 (00000000 00000000 00000000 00000000)

State 628 file devtable.c function main line 802 thread 0
----------------------------------------------------
  return_value_nondet_int$0=0 (00000000 00000000 00000000 00000000)

State 629 file devtable.c function main line 802 thread 0
----------------------------------------------------
  sa=0 (00000000 00000000 00000000 00000000)

State 632 file devtable.c function main line 803 thread 0
----------------------------------------------------
  return_value_nondet_int$1=1 (00000000 00000000 00000000 00000001)

State 633 file devtable.c function main line 803 thread 0
----------------------------------------------------
  da=1 (00000000 00000000 00000000 00000001)

State 636 file devtable.c function main line 804 thread 0
----------------------------------------------------
  return_value_nondet_int$2=64 (00000000 00000000 00000000 01000000)

State 637 file devtable.c function main line 804 thread 0
----------------------------------------------------
  xa=64 (00000000 00000000 00000000 01000000)

State 639 file devtable.c function main line 805 thread 0
----------------------------------------------------
  ret=0 (00000000 00000000 00000000 00000000)

State 640 file devtable.c function main line 806 thread 0
----------------------------------------------------
  sb=((struct super_block *)NULL) (00000000 00000000 00000000 00000000 00000000 00000000 00000000 00000000)

State 641 file devtable.c function main line 807 thread 0
----------------------------------------------------
  dev=0u (00000000 00000000 00000000 00000000)

Assumption:
  file devtable.c line 809 function main
  op >= 0 && op < 15

Assumption:
  file devtable.c line 810 function main
  sa >= 0 && sa < 2

Assumption:
  file devtable.c line 811 function main
  da >= 1 && da <= 2

State 647 file devtable.c function main line 812 thread 0
----------------------------------------------------
  sb=&S0 (00001000 00000000 00000000 00000000 00000000 00000000 00000000 00000000)

State 648 file devtable.c function main line 813 thread 0
----------------------------------------------------
  dev=1u (00000000 00000000 00000000 00000001)

State 651 file devtable.c function main line 814 thread 0
----------------------------------------------------
  log_op[0l]=0 (00000000 00000000 00000000 00000000)

State 656 file devtable.c function main line 815 thread 0
----------------------------------------------------
  log_arg[0l]=1 (00000000 00000000 00000000 00000001)

State 671 file devtable.c function main line 820 thread 0
----------------------------------------------------
  S0.s_dev=1u (00000000 00000000 00000000 00000001)

State 674 file devtable.c function main line 821 thread 0
----------------------------------------------------
  sb=&S0 (00001000 00000000 00000000 00000000 00000000 00000000 00000000 00000000)

State 682 file devtable.c function super_dev_register line 416 thread 0
----------------------------------------------------
  fsd=&E0 (00000111 00000000 00000000 00000000 00000000 00000000 00000000 00000000)

State 683 file devtable.c function super_dev_register line 417 thread 0
----------------------------------------------------
  err=0 (00000000 00000000 00000000 00000000)

State 704 file devtable.c function super_dev_register line 423 thread 0
----------------------------------------------------
  E0.sd_dev=1u (00000000 00000000 00000000 00000001)

State 707 file devtable.c function super_dev_register line 424 thread 0
----------------------------------------------------
  fsd=&E0 (00000111 00000000 00000000 00000000 00000000 00000000 00000000 00000000)

State 708 file devtable.c function super_dev_insert line 403 thread 0
----------------------------------------------------
  err=0 (00000000 00000000 00000000 00000000)

State 711 file devtable.c function super_dev_insert line 405 thread 0
----------------------------------------------------
  fsd=&E0 (00000111 00000000 00000000 00000000 00000000 00000000 00000000 00000000)

State 718 file devtable.c function alloc_fail line 238 thread 0
----------------------------------------------------
  return_value_nondet_bool=FALSE (00000000)

State 719 file devtable.c function alloc_fail line 238 thread 0
----------------------------------------------------
  tmp_if_expr=FALSE (0)

State 721 file devtable.c function alloc_fail line 238 thread 0
----------------------------------------------------
  goto_symex$$return_value$$alloc_fail=0 (00000000 00000000 00000000 00000000)

State 723 file devtable.c function rhltable_insert line 279 thread 0
----------------------------------------------------
  return_value_alloc_fail=0 (00000000 00000000 00000000 00000000)

State 744 file devtable.c function rhltable_insert line 282 thread 0
----------------------------------------------------
  E0.m_linked=1 (00000000 00000000 00000000 00000001)

State 748 file devtable.c function rhltable_insert line 283 thread 0
----------------------------------------------------
  seq=1 (00000000 00000000 00000000 00000001)

State 749 file devtable.c function rhltable_insert line 283 thread 0
----------------------------------------------------
  tmp_if_expr=1 (00000000 00000000 00000000 00000001)

State 756 file devtable.c function rhltable_insert line 283 thread 0
----------------------------------------------------
  E0.m_seq=1 (00000000 00000000 00000000 00000001)

State 757 file devtable.c function rhltable_insert line 284 thread 0
----------------------------------------------------
  goto_symex$$return_value$$rhltable_insert=0 (00000000 00000000 00000000 00000000)

State 759 file devtable.c function super_dev_insert line 405 thread 0
----------------------------------------------------
  err=0 (00000000 00000000 00000000 00000000)

State 769 file devtable.c function super_dev_insert line 407 thread 0
----------------------------------------------------
  r=&S0.s_passive (00001000 00000000 00000000 00000000 00000000 00000000 00000000 00000000)

State 778 file devtable.c function refcount_inc line 215 thread 0
----------------------------------------------------
  S0.s_passive=2 (00000000 00000000 00000000 00000010)

State 786 file devtable.c function super_dev_insert line 408 thread 0
----------------------------------------------------
  E0.m_passive=1 (00000000 00000000 00000000 00000001)

State 787 file devtable.c function super_dev_insert line 410 thread 0
----------------------------------------------------
  goto_symex$$return_value$$super_dev_insert=0 (00000000 00000000 00000000 00000000)

State 789 file devtable.c function super_dev_register line 424 thread 0
----------------------------------------------------
  err=0 (00000000 00000000 00000000 00000000)

State 791 file devtable.c function super_dev_register line 427 thread 0
----------------------------------------------------
  goto_symex$$return_value$$super_dev_register=0 (00000000 00000000 00000000 00000000)

State 793 file devtable.c function main line 821 thread 0
----------------------------------------------------
  ret=0 (00000000 00000000 00000000 00000000)

State 797 file devtable.c function main line 831 thread 0
----------------------------------------------------
  sget_claim[0l]=1 (00000000 00000000 00000000 00000001)

State 798 file devtable.c function main line 831 thread 0
----------------------------------------------------
  sget_claim[0l]=1 (00000000 00000000 00000000 00000001)

State 799 file devtable.c function main line 831 thread 0
----------------------------------------------------
  sget_claim[1l]=0 (00000000 00000000 00000000 00000000)

State 806 file devtable.c function main line 832 thread 0
----------------------------------------------------
  S0.m_state=1 (00000000 00000000 00000000 00000001)

State 810 file devtable.c function main line 1010 thread 0
----------------------------------------------------
  log_ret[0l]=0 (00000000 00000000 00000000 00000000)

State 813 file devtable.c function track_claims line 661 thread 0
----------------------------------------------------
  s=0 (00000000 00000000 00000000 00000000)

State 814 file devtable.c function track_claims line 662 thread 0
----------------------------------------------------
  d=0u (00000000 00000000 00000000 00000000)

State 815 file devtable.c function track_claims line 664 thread 0
----------------------------------------------------
  s=0 (00000000 00000000 00000000 00000000)

State 817 file devtable.c function track_claims line 665 thread 0
----------------------------------------------------
  d=1u (00000000 00000000 00000000 00000001)

State 823 file devtable.c function track_claims line 666 thread 0
----------------------------------------------------
  s=0 (00000000 00000000 00000000 00000000)

State 824 file devtable.c function track_claims line 666 thread 0
----------------------------------------------------
  d=1u (00000000 00000000 00000000 00000001)

State 828 file devtable.c function pair_claimed line 655 thread 0
----------------------------------------------------
  s=0 (00000000 00000000 00000000 00000000)

State 829 file devtable.c function pair_claimed line 655 thread 0
----------------------------------------------------
  dev=1u (00000000 00000000 00000000 00000001)

State 830 file devtable.c function pair_pending line 645 thread 0
----------------------------------------------------
  r=0 (00000000 00000000 00000000 00000000)

State 832 file devtable.c function pair_pending line 645 thread 0
----------------------------------------------------
  n=0 (00000000 00000000 00000000 00000000)

State 833 file devtable.c function pair_pending line 647 thread 0
----------------------------------------------------
  r=0 (00000000 00000000 00000000 00000000)

State 842 file devtable.c function pair_pending line 648 thread 0
----------------------------------------------------
  n=0 (00000000 00000000 00000000 00000000)

State 844 file devtable.c function pair_pending line 647 thread 0
----------------------------------------------------
  r=1 (00000000 00000000 00000000 00000001)

State 854 file devtable.c function pair_pending line 648 thread 0
----------------------------------------------------
  n=0 (00000000 00000000 00000000 00000000)

State 856 file devtable.c function pair_pending line 647 thread 0
----------------------------------------------------
  r=2 (00000000 00000000 00000000 00000010)

State 859 file devtable.c function pair_pending line 649 thread 0
----------------------------------------------------
  goto_symex$$return_value$$pair_pending=0 (00000000 00000000 00000000 00000000)

State 861 file devtable.c function pair_claimed line 655 thread 0
----------------------------------------------------
  return_value_pair_pending=0 (00000000 00000000 00000000 00000000)

State 877 file devtable.c function pair_claimed line 655 thread 0
----------------------------------------------------
  goto_symex$$return_value$$pair_claimed=1 (00000000 00000000 00000000 00000001)

State 879 file devtable.c function track_claims line 666 thread 0
----------------------------------------------------
  return_value_pair_claimed=1 (00000000 00000000 00000000 00000001)

State 880 file devtable.c function track_claims line 666 thread 0
----------------------------------------------------
  now=1 (00000000 00000000 00000000 00000001)

State 885 file devtable.c function track_claims line 669 thread 0
----------------------------------------------------
  unborn_drop[0l][1l]=0 (00000000 00000000 00000000 00000000)

State 890 file devtable.c function track_claims line 672 thread 0
----------------------------------------------------
  was_claimed[0l][1l]=1 (00000000 00000000 00000000 00000001)

State 891 file devtable.c function track_claims line 665 thread 0
----------------------------------------------------
  d=2u (00000000 00000000 00000000 00000010)

State 898 file devtable.c function track_claims line 666 thread 0
----------------------------------------------------
  s=0 (00000000 00000000 00000000 00000000)

State 899 file devtable.c function track_claims line 666 thread 0
----------------------------------------------------
  d=2u (00000000 00000000 00000000 00000010)

State 903 file devtable.c function pair_claimed line 655 thread 0
----------------------------------------------------
  s=0 (00000000 00000000 00000000 00000000)

State 904 file devtable.c function pair_claimed line 655 thread 0
----------------------------------------------------
  dev=2u (00000000 00000000 00000000 00000010)

State 905 file devtable.c function pair_pending line 645 thread 0
----------------------------------------------------
  r=0 (00000000 00000000 00000000 00000000)

State 907 file devtable.c function pair_pending line 645 thread 0
----------------------------------------------------
  n=0 (00000000 00000000 00000000 00000000)

State 908 file devtable.c function pair_pending line 647 thread 0
----------------------------------------------------
  r=0 (00000000 00000000 00000000 00000000)

State 917 file devtable.c function pair_pending line 648 thread 0
----------------------------------------------------
  n=0 (00000000 00000000 00000000 00000000)

State 919 file devtable.c function pair_pending line 647 thread 0
----------------------------------------------------
  r=1 (00000000 00000000 00000000 00000001)

State 929 file devtable.c function pair_pending line 648 thread 0
----------------------------------------------------
  n=0 (00000000 00000000 00000000 00000000)

State 931 file devtable.c function pair_pending line 647 thread 0
----------------------------------------------------
  r=2 (00000000 00000000 00000000 00000010)

State 934 file devtable.c function pair_pending line 649 thread 0
----------------------------------------------------
  goto_symex$$return_value$$pair_pending=0 (00000000 00000000 00000000 00000000)

State 936 file devtable.c function pair_claimed line 655 thread 0
----------------------------------------------------
  return_value_pair_pending=0 (00000000 00000000 00000000 00000000)

State 952 file devtable.c function pair_claimed line 655 thread 0
----------------------------------------------------
  goto_symex$$return_value$$pair_claimed=0 (00000000 00000000 00000000 00000000)

State 954 file devtable.c function track_claims line 666 thread 0
----------------------------------------------------
  return_value_pair_claimed=0 (00000000 00000000 00000000 00000000)

State 955 file devtable.c function track_claims line 666 thread 0
----------------------------------------------------
  now=0 (00000000 00000000 00000000 00000000)

State 972 file devtable.c function track_claims line 672 thread 0
----------------------------------------------------
  was_claimed[0l][2l]=0 (00000000 00000000 00000000 00000000)

State 973 file devtable.c function track_claims line 665 thread 0
----------------------------------------------------
  d=3u (00000000 00000000 00000000 00000011)

State 977 file devtable.c function track_claims line 664 thread 0
----------------------------------------------------
  s=1 (00000000 00000000 00000000 00000001)

State 980 file devtable.c function track_claims line 665 thread 0
----------------------------------------------------
  d=1u (00000000 00000000 00000000 00000001)

State 986 file devtable.c function track_claims line 666 thread 0
----------------------------------------------------
  s=1 (00000000 00000000 00000000 00000001)

State 987 file devtable.c function track_claims line 666 thread 0
----------------------------------------------------
  d=1u (00000000 00000000 00000000 00000001)

State 991 file devtable.c function pair_claimed line 655 thread 0
----------------------------------------------------
  s=1 (00000000 00000000 00000000 00000001)

State 992 file devtable.c function pair_claimed line 655 thread 0
----------------------------------------------------
  dev=1u (00000000 00000000 00000000 00000001)

State 993 file devtable.c function pair_pending line 645 thread 0
----------------------------------------------------
  r=0 (00000000 00000000 00000000 00000000)

State 995 file devtable.c function pair_pending line 645 thread 0
----------------------------------------------------
  n=0 (00000000 00000000 00000000 00000000)

State 996 file devtable.c function pair_pending line 647 thread 0
----------------------------------------------------
  r=0 (00000000 00000000 00000000 00000000)

State 1005 file devtable.c function pair_pending line 648 thread 0
----------------------------------------------------
  n=0 (00000000 00000000 00000000 00000000)

State 1007 file devtable.c function pair_pending line 647 thread 0
----------------------------------------------------
  r=1 (00000000 00000000 00000000 00000001)

State 1017 file devtable.c function pair_pending line 648 thread 0
----------------------------------------------------
  n=0 (00000000 00000000 00000000 00000000)

State 1019 file devtable.c function pair_pending line 647 thread 0
----------------------------------------------------
  r=2 (00000000 00000000 00000000 00000010)

State 1022 file devtable.c function pair_pending line 649 thread 0
----------------------------------------------------
  goto_symex$$return_value$$pair_pending=0 (00000000 00000000 00000000 00000000)

State 1024 file devtable.c function pair_claimed line 655 thread 0
----------------------------------------------------
  return_value_pair_pending=0 (00000000 00000000 00000000 00000000)

State 1040 file devtable.c function pair_claimed line 655 thread 0
----------------------------------------------------
  goto_symex$$return_value$$pair_claimed=0 (00000000 00000000 00000000 00000000)

State 1042 file devtable.c function track_claims line 666 thread 0
----------------------------------------------------
  return_value_pair_claimed=0 (00000000 00000000 00000000 00000000)

State 1043 file devtable.c function track_claims line 666 thread 0
----------------------------------------------------
  now=0 (00000000 00000000 00000000 00000000)

State 1060 file devtable.c function track_claims line 672 thread 0
----------------------------------------------------
  was_claimed[1l][1l]=0 (00000000 00000000 00000000 00000000)

State 1061 file devtable.c function track_claims line 665 thread 0
----------------------------------------------------
  d=2u (00000000 00000000 00000000 00000010)

State 1068 file devtable.c function track_claims line 666 thread 0
----------------------------------------------------
  s=1 (00000000 00000000 00000000 00000001)

State 1069 file devtable.c function track_claims line 666 thread 0
----------------------------------------------------
  d=2u (00000000 00000000 00000000 00000010)

State 1073 file devtable.c function pair_claimed line 655 thread 0
----------------------------------------------------
  s=1 (00000000 00000000 00000000 00000001)

State 1074 file devtable.c function pair_claimed line 655 thread 0
----------------------------------------------------
  dev=2u (00000000 00000000 00000000 00000010)

State 1075 file devtable.c function pair_pending line 645 thread 0
----------------------------------------------------
  r=0 (00000000 00000000 00000000 00000000)

State 1077 file devtable.c function pair_pending line 645 thread 0
----------------------------------------------------
  n=0 (00000000 00000000 00000000 00000000)

State 1078 file devtable.c function pair_pending line 647 thread 0
----------------------------------------------------
  r=0 (00000000 00000000 00000000 00000000)

State 1087 file devtable.c function pair_pending line 648 thread 0
----------------------------------------------------
  n=0 (00000000 00000000 00000000 00000000)

State 1089 file devtable.c function pair_pending line 647 thread 0
----------------------------------------------------
  r=1 (00000000 00000000 00000000 00000001)

State 1099 file devtable.c function pair_pending line 648 thread 0
----------------------------------------------------
  n=0 (00000000 00000000 00000000 00000000)

State 1101 file devtable.c function pair_pending line 647 thread 0
----------------------------------------------------
  r=2 (00000000 00000000 00000000 00000010)

State 1104 file devtable.c function pair_pending line 649 thread 0
----------------------------------------------------
  goto_symex$$return_value$$pair_pending=0 (00000000 00000000 00000000 00000000)

State 1106 file devtable.c function pair_claimed line 655 thread 0
----------------------------------------------------
  return_value_pair_pending=0 (00000000 00000000 00000000 00000000)

State 1122 file devtable.c function pair_claimed line 655 thread 0
----------------------------------------------------
  goto_symex$$return_value$$pair_claimed=0 (00000000 00000000 00000000 00000000)

State 1124 file devtable.c function track_claims line 666 thread 0
----------------------------------------------------
  return_value_pair_claimed=0 (00000000 00000000 00000000 00000000)

State 1125 file devtable.c function track_claims line 666 thread 0
----------------------------------------------------
  now=0 (00000000 00000000 00000000 00000000)

State 1142 file devtable.c function track_claims line 672 thread 0
----------------------------------------------------
  was_claimed[1l][2l]=0 (00000000 00000000 00000000 00000000)

State 1143 file devtable.c function track_claims line 665 thread 0
----------------------------------------------------
  d=3u (00000000 00000000 00000000 00000011)

State 1147 file devtable.c function track_claims line 664 thread 0
----------------------------------------------------
  s=2 (00000000 00000000 00000000 00000010)

State 1153 file devtable.c function check_invariants line 703 thread 0
----------------------------------------------------
  s=0 (00000000 00000000 00000000 00000000)

State 1154 file devtable.c function check_invariants line 703 thread 0
----------------------------------------------------
  i=0 (00000000 00000000 00000000 00000000)

State 1155 file devtable.c function check_invariants line 703 thread 0
----------------------------------------------------
  c=0 (00000000 00000000 00000000 00000000)

State 1156 file devtable.c function check_invariants line 704 thread 0
----------------------------------------------------
  d=0u (00000000 00000000 00000000 00000000)

State 1157 file devtable.c function check_invariants line 706 thread 0
----------------------------------------------------
  c=0 (00000000 00000000 00000000 00000000)

State 1163 file devtable.c function check_invariants line 707 thread 0
----------------------------------------------------
  p=((struct super_dev *)NULL) (00000000 00000000 00000000 00000000 00000000 00000000 00000000 00000000)

State 1164 file devtable.c function check_pin line 684 thread 0
----------------------------------------------------
  sb=((struct super_block *)NULL) (00000000 00000000 00000000 00000000 00000000 00000000 00000000 00000000)

State 1172 file devtable.c function check_invariants line 708 thread 0
----------------------------------------------------
  p=((struct super_dev *)NULL) (00000000 00000000 00000000 00000000 00000000 00000000 00000000 00000000)

State 1173 file devtable.c function check_pin line 684 thread 0
----------------------------------------------------
  sb=((struct super_block *)NULL) (00000000 00000000 00000000 00000000 00000000 00000000 00000000 00000000)

State 1178 file devtable.c function check_invariants line 706 thread 0
----------------------------------------------------
  c=1 (00000000 00000000 00000000 00000001)

State 1181 file devtable.c function check_invariants line 711 thread 0
----------------------------------------------------
  i=0 (00000000 00000000 00000000 00000000)

State 1186 file devtable.c function check_invariants line 712 thread 0
----------------------------------------------------
  e=&E0 (00000111 00000000 00000000 00000000 00000000 00000000 00000000 00000000)

State 1256 file devtable.c function check_invariants line 711 thread 0
----------------------------------------------------
  i=1 (00000000 00000000 00000000 00000001)

State 1262 file devtable.c function check_invariants line 712 thread 0
----------------------------------------------------
  e=&E1 (00000101 00000000 00000000 00000000 00000000 00000000 00000000 00000000)

State 1299 file devtable.c function check_invariants line 711 thread 0
----------------------------------------------------
  i=2 (00000000 00000000 00000000 00000010)

State 1305 file devtable.c function check_invariants line 712 thread 0
----------------------------------------------------
  e=&E2 (00000100 00000000 00000000 00000000 00000000 00000000 00000000 00000000)

State 1315 file devtable.c function check_invariants line 711 thread 0
----------------------------------------------------
  i=3 (00000000 00000000 00000000 00000011)

State 1321 file devtable.c function check_invariants line 712 thread 0
----------------------------------------------------
  e=&E3 (00000011 00000000 00000000 00000000 00000000 00000000 00000000 00000000)

State 1331 file devtable.c function check_invariants line 711 thread 0
----------------------------------------------------
  i=4 (00000000 00000000 00000000 00000100)

State 1337 file devtable.c function check_invariants line 712 thread 0
----------------------------------------------------
  e=&E4 (00000010 00000000 00000000 00000000 00000000 00000000 00000000 00000000)

State 1347 file devtable.c function check_invariants line 711 thread 0
----------------------------------------------------
  i=5 (00000000 00000000 00000000 00000101)

State 1350 file devtable.c function check_invariants line 725 thread 0
----------------------------------------------------
  s=0 (00000000 00000000 00000000 00000000)

State 1355 file devtable.c function check_invariants line 726 thread 0
----------------------------------------------------
  sb=&S0 (00001000 00000000 00000000 00000000 00000000 00000000 00000000 00000000)

State 1357 file devtable.c function check_invariants line 727 thread 0
----------------------------------------------------
  rows=0 (00000000 00000000 00000000 00000000)

State 1358 file devtable.c function check_invariants line 727 thread 0
----------------------------------------------------
  base=0 (00000000 00000000 00000000 00000000)

State 1360 file devtable.c function check_invariants line 727 thread 0
----------------------------------------------------
  sleepers=0 (00000000 00000000 00000000 00000000)

State 1374 file devtable.c function check_invariants line 731 thread 0
----------------------------------------------------
  i=0 (00000000 00000000 00000000 00000000)

State 1401 file devtable.c function check_invariants line 732 thread 0
----------------------------------------------------
  rows=1 (00000000 00000000 00000000 00000001)

State 1403 file devtable.c function check_invariants line 731 thread 0
----------------------------------------------------
  i=1 (00000000 00000000 00000000 00000001)

State 1431 file devtable.c function check_invariants line 732 thread 0
----------------------------------------------------
  rows=1 (00000000 00000000 00000000 00000001)

State 1433 file devtable.c function check_invariants line 731 thread 0
----------------------------------------------------
  i=2 (00000000 00000000 00000000 00000010)

State 1461 file devtable.c function check_invariants line 732 thread 0
----------------------------------------------------
  rows=1 (00000000 00000000 00000000 00000001)

State 1463 file devtable.c function check_invariants line 731 thread 0
----------------------------------------------------
  i=3 (00000000 00000000 00000000 00000011)

State 1491 file devtable.c function check_invariants line 732 thread 0
----------------------------------------------------
  rows=1 (00000000 00000000 00000000 00000001)

State 1493 file devtable.c function check_invariants line 731 thread 0
----------------------------------------------------
  i=4 (00000000 00000000 00000000 00000100)

State 1521 file devtable.c function check_invariants line 732 thread 0
----------------------------------------------------
  rows=1 (00000000 00000000 00000000 00000001)

State 1523 file devtable.c function check_invariants line 731 thread 0
----------------------------------------------------
  i=5 (00000000 00000000 00000000 00000101)

State 1526 file devtable.c function check_invariants line 733 thread 0
----------------------------------------------------
  c=0 (00000000 00000000 00000000 00000000)

State 1531 file devtable.c function check_invariants line 734 thread 0
----------------------------------------------------
  sleepers=0 (00000000 00000000 00000000 00000000)

State 1533 file devtable.c function check_invariants line 733 thread 0
----------------------------------------------------
  c=1 (00000000 00000000 00000000 00000001)

State 1542 file devtable.c function check_invariants line 735 thread 0
----------------------------------------------------
  base=1 (00000000 00000000 00000000 00000001)

State 1569 file devtable.c function check_invariants line 743 thread 0
----------------------------------------------------
  d=1u (00000000 00000000 00000000 00000001)

State 1572 file devtable.c function check_invariants line 744 thread 0
----------------------------------------------------
  refs=0 (00000000 00000000 00000000 00000000)

State 1574 file devtable.c function check_invariants line 744 thread 0
----------------------------------------------------
  pins=0 (00000000 00000000 00000000 00000000)

State 1575 file devtable.c function check_invariants line 744 thread 0
----------------------------------------------------
  want=0 (00000000 00000000 00000000 00000000)

State 1576 file devtable.c function check_invariants line 746 thread 0
----------------------------------------------------
  i=0 (00000000 00000000 00000000 00000000)

State 1620 file devtable.c function check_invariants line 748 thread 0
----------------------------------------------------
  refs=1 (00000000 00000000 00000000 00000001)

State 1622 file devtable.c function check_invariants line 746 thread 0
----------------------------------------------------
  i=1 (00000000 00000000 00000000 00000001)

State 1659 file devtable.c function check_invariants line 746 thread 0
----------------------------------------------------
  i=2 (00000000 00000000 00000000 00000010)

State 1696 file devtable.c function check_invariants line 746 thread 0
----------------------------------------------------
  i=3 (00000000 00000000 00000000 00000011)

State 1733 file devtable.c function check_invariants line 746 thread 0
----------------------------------------------------
  i=4 (00000000 00000000 00000000 00000100)

State 1770 file devtable.c function check_invariants line 746 thread 0
----------------------------------------------------
  i=5 (00000000 00000000 00000000 00000101)

State 1773 file devtable.c function check_invariants line 749 thread 0
----------------------------------------------------
  c=0 (00000000 00000000 00000000 00000000)

State 1814 file devtable.c function check_invariants line 749 thread 0
----------------------------------------------------
  c=1 (00000000 00000000 00000000 00000001)

State 1820 file devtable.c function check_invariants line 756 thread 0
----------------------------------------------------
  s=0 (00000000 00000000 00000000 00000000)

State 1821 file devtable.c function check_invariants line 756 thread 0
----------------------------------------------------
  dev=1u (00000000 00000000 00000000 00000001)

State 1822 file devtable.c function pair_pending line 645 thread 0
----------------------------------------------------
  r=0 (00000000 00000000 00000000 00000000)

State 1824 file devtable.c function pair_pending line 645 thread 0
----------------------------------------------------
  n=0 (00000000 00000000 00000000 00000000)

State 1825 file devtable.c function pair_pending line 647 thread 0
----------------------------------------------------
  r=0 (00000000 00000000 00000000 00000000)

State 1834 file devtable.c function pair_pending line 648 thread 0
----------------------------------------------------
  n=0 (00000000 00000000 00000000 00000000)

State 1836 file devtable.c function pair_pending line 647 thread 0
----------------------------------------------------
  r=1 (00000000 00000000 00000000 00000001)

State 1846 file devtable.c function pair_pending line 648 thread 0
----------------------------------------------------
  n=0 (00000000 00000000 00000000 00000000)

State 1848 file devtable.c function pair_pending line 647 thread 0
----------------------------------------------------
  r=2 (00000000 00000000 00000000 00000010)

State 1851 file devtable.c function pair_pending line 649 thread 0
----------------------------------------------------
  goto_symex$$return_value$$pair_pending=0 (00000000 00000000 00000000 00000000)

State 1853 file devtable.c function check_invariants line 756 thread 0
----------------------------------------------------
  return_value_pair_pending=0 (00000000 00000000 00000000 00000000)

State 1868 file devtable.c function check_invariants line 755 thread 0
----------------------------------------------------
  want=1 (00000000 00000000 00000000 00000001)

State 1871 file devtable.c function check_invariants line 743 thread 0
----------------------------------------------------
  d=2u (00000000 00000000 00000000 00000010)

State 1875 file devtable.c function check_invariants line 744 thread 0
----------------------------------------------------
  refs=0 (00000000 00000000 00000000 00000000)

State 1877 file devtable.c function check_invariants line 744 thread 0
----------------------------------------------------
  pins=0 (00000000 00000000 00000000 00000000)

State 1878 file devtable.c function check_invariants line 744 thread 0
----------------------------------------------------
  want=0 (00000000 00000000 00000000 00000000)

State 1879 file devtable.c function check_invariants line 746 thread 0
----------------------------------------------------
  i=0 (00000000 00000000 00000000 00000000)

State 1915 file devtable.c function check_invariants line 746 thread 0
----------------------------------------------------
  i=1 (00000000 00000000 00000000 00000001)

State 1952 file devtable.c function check_invariants line 746 thread 0
----------------------------------------------------
  i=2 (00000000 00000000 00000000 00000010)

State 1989 file devtable.c function check_invariants line 746 thread 0
----------------------------------------------------
  i=3 (00000000 00000000 00000000 00000011)

State 2026 file devtable.c function check_invariants line 746 thread 0
----------------------------------------------------
  i=4 (00000000 00000000 00000000 00000100)

State 2063 file devtable.c function check_invariants line 746 thread 0
----------------------------------------------------
  i=5 (00000000 00000000 00000000 00000101)

State 2066 file devtable.c function check_invariants line 749 thread 0
----------------------------------------------------
  c=0 (00000000 00000000 00000000 00000000)

State 2107 file devtable.c function check_invariants line 749 thread 0
----------------------------------------------------
  c=1 (00000000 00000000 00000000 00000001)

State 2113 file devtable.c function check_invariants line 756 thread 0
----------------------------------------------------
  s=0 (00000000 00000000 00000000 00000000)

State 2114 file devtable.c function check_invariants line 756 thread 0
----------------------------------------------------
  dev=2u (00000000 00000000 00000000 00000010)

State 2115 file devtable.c function pair_pending line 645 thread 0
----------------------------------------------------
  r=0 (00000000 00000000 00000000 00000000)

State 2117 file devtable.c function pair_pending line 645 thread 0
----------------------------------------------------
  n=0 (00000000 00000000 00000000 00000000)

State 2118 file devtable.c function pair_pending line 647 thread 0
----------------------------------------------------
  r=0 (00000000 00000000 00000000 00000000)

State 2127 file devtable.c function pair_pending line 648 thread 0
----------------------------------------------------
  n=0 (00000000 00000000 00000000 00000000)

State 2129 file devtable.c function pair_pending line 647 thread 0
----------------------------------------------------
  r=1 (00000000 00000000 00000000 00000001)

State 2139 file devtable.c function pair_pending line 648 thread 0
----------------------------------------------------
  n=0 (00000000 00000000 00000000 00000000)

State 2141 file devtable.c function pair_pending line 647 thread 0
----------------------------------------------------
  r=2 (00000000 00000000 00000000 00000010)

State 2144 file devtable.c function pair_pending line 649 thread 0
----------------------------------------------------
  goto_symex$$return_value$$pair_pending=0 (00000000 00000000 00000000 00000000)

State 2146 file devtable.c function check_invariants line 756 thread 0
----------------------------------------------------
  return_value_pair_pending=0 (00000000 00000000 00000000 00000000)

State 2161 file devtable.c function check_invariants line 755 thread 0
----------------------------------------------------
  want=0 (00000000 00000000 00000000 00000000)

State 2164 file devtable.c function check_invariants line 743 thread 0
----------------------------------------------------
  d=3u (00000000 00000000 00000000 00000011)

State 2168 file devtable.c function check_invariants line 725 thread 0
----------------------------------------------------
  s=1 (00000000 00000000 00000000 00000001)

State 2174 file devtable.c function check_invariants line 726 thread 0
----------------------------------------------------
  sb=&S1 (00000110 00000000 00000000 00000000 00000000 00000000 00000000 00000000)

State 2176 file devtable.c function check_invariants line 727 thread 0
----------------------------------------------------
  rows=0 (00000000 00000000 00000000 00000000)

State 2177 file devtable.c function check_invariants line 727 thread 0
----------------------------------------------------
  base=0 (00000000 00000000 00000000 00000000)

State 2179 file devtable.c function check_invariants line 727 thread 0
----------------------------------------------------
  sleepers=0 (00000000 00000000 00000000 00000000)

State 2195 file devtable.c function check_invariants line 725 thread 0
----------------------------------------------------
  s=2 (00000000 00000000 00000000 00000010)

State 2200 file devtable.c function main line 800 thread 0
----------------------------------------------------
  step=1 (00000000 00000000 00000000 00000001)

State 2205 file devtable.c function main line 801 thread 0
----------------------------------------------------
  return_value_nondet_int=3 (00000000 00000000 00000000 00000011)

State 2206 file devtable.c function main line 801 thread 0
----------------------------------------------------
  op=3 (00000000 00000000 00000000 00000011)

State 2209 file devtable.c function main line 802 thread 0
----------------------------------------------------
  return_value_nondet_int$0=0 (00000000 00000000 00000000 00000000)

State 2210 file devtable.c function main line 802 thread 0
----------------------------------------------------
  sa=0 (00000000 00000000 00000000 00000000)

State 2213 file devtable.c function main line 803 thread 0
----------------------------------------------------
  return_value_nondet_int$1=2 (00000000 00000000 00000000 00000010)

State 2214 file devtable.c function main line 803 thread 0
----------------------------------------------------
  da=2 (00000000 00000000 00000000 00000010)

State 2217 file devtable.c function main line 804 thread 0
----------------------------------------------------
  return_value_nondet_int$2=-2147483647 (10000000 00000000 00000000 00000001)

State 2218 file devtable.c function main line 804 thread 0
----------------------------------------------------
  xa=-2147483647 (10000000 00000000 00000000 00000001)

State 2220 file devtable.c function main line 805 thread 0
----------------------------------------------------
  ret=0 (00000000 00000000 00000000 00000000)

State 2221 file devtable.c function main line 806 thread 0
----------------------------------------------------
  sb=((struct super_block *)NULL) (00000000 00000000 00000000 00000000 00000000 00000000 00000000 00000000)

State 2222 file devtable.c function main line 807 thread 0
----------------------------------------------------
  dev=0u (00000000 00000000 00000000 00000000)

Assumption:
  file devtable.c line 809 function main
  op >= 0 && op < 15

Assumption:
  file devtable.c line 810 function main
  sa >= 0 && sa < 2

Assumption:
  file devtable.c line 811 function main
  da >= 1 && da <= 2

State 2228 file devtable.c function main line 812 thread 0
----------------------------------------------------
  sb=&S0 (00001000 00000000 00000000 00000000 00000000 00000000 00000000 00000000)

State 2229 file devtable.c function main line 813 thread 0
----------------------------------------------------
  dev=2u (00000000 00000000 00000000 00000010)

State 2232 file devtable.c function main line 814 thread 0
----------------------------------------------------
  log_op[1l]=3 (00000000 00000000 00000000 00000011)

State 2237 file devtable.c function main line 815 thread 0
----------------------------------------------------
  log_arg[1l]=2 (00000000 00000000 00000000 00000010)

State 2244 file devtable.c function main line 854 thread 0
----------------------------------------------------
  r=0 (00000000 00000000 00000000 00000000)

Assumption:
  file devtable.c line 856 function main
  reg_state[(signed long int)r] == 0

Assumption:
  file devtable.c line 857 function main
  sb->m_state == 1

State 2260 file devtable.c function main line 858 thread 0
----------------------------------------------------
  s=0 (00000000 00000000 00000000 00000000)

State 2261 file devtable.c function main line 858 thread 0
----------------------------------------------------
  dev=2u (00000000 00000000 00000000 00000010)

State 2262 file devtable.c function pair_busy line 624 thread 0
----------------------------------------------------
  r=0 (00000000 00000000 00000000 00000000)

State 2264 file devtable.c function pair_busy line 624 thread 0
----------------------------------------------------
  n=0 (00000000 00000000 00000000 00000000)

State 2265 file devtable.c function pair_busy line 626 thread 0
----------------------------------------------------
  r=0 (00000000 00000000 00000000 00000000)

State 2274 file devtable.c function pair_busy line 627 thread 0
----------------------------------------------------
  n=0 (00000000 00000000 00000000 00000000)

State 2276 file devtable.c function pair_busy line 626 thread 0
----------------------------------------------------
  r=1 (00000000 00000000 00000000 00000001)

State 2286 file devtable.c function pair_busy line 627 thread 0
----------------------------------------------------
  n=0 (00000000 00000000 00000000 00000000)

State 2288 file devtable.c function pair_busy line 626 thread 0
----------------------------------------------------
  r=2 (00000000 00000000 00000000 00000010)

State 2292 file devtable.c function pair_busy line 628 thread 0
----------------------------------------------------
  n=0 (00000000 00000000 00000000 00000000)

State 2293 file devtable.c function pair_busy line 629 thread 0
----------------------------------------------------
  goto_symex$$return_value$$pair_busy=0 (00000000 00000000 00000000 00000000)

State 2295 file devtable.c function main line 858 thread 0
----------------------------------------------------
  return_value_pair_busy$0=0 (00000000 00000000 00000000 00000000)

State 2296 file devtable.c function main line 858 thread 0
----------------------------------------------------
  tmp_if_expr$1=TRUE (1)

Assumption:
  file devtable.c line 858 function main
  tmp_if_expr$1

State 2300 file devtable.c function main line 859 thread 0
----------------------------------------------------
  sb=&S0 (00001000 00000000 00000000 00000000 00000000 00000000 00000000 00000000)

State 2301 file devtable.c function main line 859 thread 0
----------------------------------------------------
  dev=2u (00000000 00000000 00000000 00000010)

State 2303 file devtable.c function fs_bdev_register_lookup line 569 thread 0
----------------------------------------------------
  sb_dev=((struct super_dev *)NULL) (00000000 00000000 00000000 00000000 00000000 00000000 00000000 00000000)

State 2306 file devtable.c function fs_bdev_register_lookup line 572 thread 0
----------------------------------------------------
  dev=2u (00000000 00000000 00000000 00000010)

State 2307 file devtable.c function fs_bdev_register_lookup line 572 thread 0
----------------------------------------------------
  sb=&S0 (00001000 00000000 00000000 00000000 00000000 00000000 00000000 00000000)

State 2308 file devtable.c function super_dev_lookup line 542 thread 0
----------------------------------------------------
  it=((struct super_dev *)NULL) (00000000 00000000 00000000 00000000 00000000 00000000 00000000 00000000)

State 2310 file devtable.c function super_dev_lookup line 543 thread 0
----------------------------------------------------
  n=0 (00000000 00000000 00000000 00000000)

State 2315 file devtable.c function super_dev_lookup line 549 thread 0
----------------------------------------------------
  dev=2u (00000000 00000000 00000000 00000010)

State 2319 file devtable.c function rhltable_lookup line 314 thread 0
----------------------------------------------------
  dev=2u (00000000 00000000 00000000 00000010)

State 2320 file devtable.c function rhltable_lookup line 314 thread 0
----------------------------------------------------
  below=0 (00000000 00000000 00000000 00000000)

State 2321 file devtable.c function rhltable_lookup line 314 thread 0
----------------------------------------------------
  bounded=FALSE (00000000)

State 2323 file devtable.c function chain_after line 296 thread 0
----------------------------------------------------
  best=((struct super_dev *)NULL) (00000000 00000000 00000000 00000000 00000000 00000000 00000000 00000000)

State 2324 file devtable.c function chain_after line 297 thread 0
----------------------------------------------------
  i=0 (00000000 00000000 00000000 00000000)

State 2325 file devtable.c function chain_after line 299 thread 0
----------------------------------------------------
  i=0 (00000000 00000000 00000000 00000000)

State 2330 file devtable.c function chain_after line 300 thread 0
----------------------------------------------------
  e=&E0 (00000111 00000000 00000000 00000000 00000000 00000000 00000000 00000000)

State 2352 file devtable.c function chain_after line 299 thread 0
----------------------------------------------------
  i=1 (00000000 00000000 00000000 00000001)

State 2358 file devtable.c function chain_after line 300 thread 0
----------------------------------------------------
  e=&E1 (00000101 00000000 00000000 00000000 00000000 00000000 00000000 00000000)

State 2380 file devtable.c function chain_after line 299 thread 0
----------------------------------------------------
  i=2 (00000000 00000000 00000000 00000010)

State 2386 file devtable.c function chain_after line 300 thread 0
----------------------------------------------------
  e=&E2 (00000100 00000000 00000000 00000000 00000000 00000000 00000000 00000000)

State 2408 file devtable.c function chain_after line 299 thread 0
----------------------------------------------------
  i=3 (00000000 00000000 00000000 00000011)

State 2414 file devtable.c function chain_after line 300 thread 0
----------------------------------------------------
  e=&E3 (00000011 00000000 00000000 00000000 00000000 00000000 00000000 00000000)

State 2436 file devtable.c function chain_after line 299 thread 0
----------------------------------------------------
  i=4 (00000000 00000000 00000000 00000100)

State 2442 file devtable.c function chain_after line 300 thread 0
----------------------------------------------------
  e=&E4 (00000010 00000000 00000000 00000000 00000000 00000000 00000000 00000000)

State 2464 file devtable.c function chain_after line 299 thread 0
----------------------------------------------------
  i=5 (00000000 00000000 00000000 00000101)

State 2467 file devtable.c function chain_after line 309 thread 0
----------------------------------------------------
  goto_symex$$return_value$$chain_after=((struct super_dev *)NULL) (00000000 00000000 00000000 00000000 00000000 00000000 00000000 00000000)

State 2469 file devtable.c function rhltable_lookup line 314 thread 0
----------------------------------------------------
  return_value_chain_after=((struct super_dev *)NULL) (00000000 00000000 00000000 00000000 00000000 00000000 00000000 00000000)

State 2470 file devtable.c function rhltable_lookup line 314 thread 0
----------------------------------------------------
  goto_symex$$return_value$$rhltable_lookup=((struct super_dev *)NULL) (00000000 00000000 00000000 00000000 00000000 00000000 00000000 00000000)

State 2472 file devtable.c function super_dev_lookup line 549 thread 0
----------------------------------------------------
  it=((struct super_dev *)NULL) (00000000 00000000 00000000 00000000 00000000 00000000 00000000 00000000)

State 2474 file devtable.c function super_dev_lookup line 554 thread 0
----------------------------------------------------
  goto_symex$$return_value$$super_dev_lookup=((struct super_dev *)NULL) (00000000 00000000 00000000 00000000 00000000 00000000 00000000 00000000)

State 2476 file devtable.c function fs_bdev_register_lookup line 572 thread 0
----------------------------------------------------
  sb_dev=((struct super_dev *)NULL) (00000000 00000000 00000000 00000000 00000000 00000000 00000000 00000000)

State 2478 file devtable.c function fs_bdev_register_lookup line 578 thread 0
----------------------------------------------------
  goto_symex$$return_value$$fs_bdev_register_lookup=1 (00000000 00000000 00000000 00000001)

State 2480 file devtable.c function main line 859 thread 0
----------------------------------------------------
  ret=1 (00000000 00000000 00000000 00000001)

State 2482 file devtable.c function main line 864 thread 0
----------------------------------------------------
  ret=0 (00000000 00000000 00000000 00000000)

State 2485 file devtable.c function main line 865 thread 0
----------------------------------------------------
  reg_sb[0l]=0 (00000000 00000000 00000000 00000000)

State 2486 file devtable.c function main line 865 thread 0
----------------------------------------------------
  reg_sb[0l]=0 (00000000 00000000 00000000 00000000)

State 2487 file devtable.c function main line 865 thread 0
----------------------------------------------------
  reg_sb[1l]=0 (00000000 00000000 00000000 00000000)

State 2490 file devtable.c function main line 866 thread 0
----------------------------------------------------
  reg_dev[0l]=2u (00000000 00000000 00000000 00000010)

State 2491 file devtable.c function main line 866 thread 0
----------------------------------------------------
  reg_dev[0l]=2u (00000000 00000000 00000000 00000010)

State 2492 file devtable.c function main line 866 thread 0
----------------------------------------------------
  reg_dev[1l]=0u (00000000 00000000 00000000 00000000)

State 2495 file devtable.c function main line 867 thread 0
----------------------------------------------------
  reg_state[0l]=1 (00000000 00000000 00000000 00000001)

State 2496 file devtable.c function main line 867 thread 0
----------------------------------------------------
  reg_state[0l]=1 (00000000 00000000 00000000 00000001)

State 2497 file devtable.c function main line 867 thread 0
----------------------------------------------------
  reg_state[1l]=0 (00000000 00000000 00000000 00000000)

State 2501 file devtable.c function main line 869 thread 0
----------------------------------------------------
  sb=&S0 (00001000 00000000 00000000 00000000 00000000 00000000 00000000 00000000)

State 2502 file devtable.c function main line 869 thread 0
----------------------------------------------------
  dev=2u (00000000 00000000 00000000 00000010)

State 2503 file devtable.c function main line 869 thread 0
----------------------------------------------------
  r=0 (00000000 00000000 00000000 00000000)

State 2505 file devtable.c function fs_bdev_register_insert line 583 thread 0
----------------------------------------------------
  sb_dev=((struct super_dev *)NULL) (00000000 00000000 00000000 00000000 00000000 00000000 00000000 00000000)

State 2506 file devtable.c function fs_bdev_register_insert line 584 thread 0
----------------------------------------------------
  err=0 (00000000 00000000 00000000 00000000)

State 2509 file devtable.c function fs_bdev_register_insert line 586 thread 0
----------------------------------------------------
  dev=2u (00000000 00000000 00000000 00000010)

State 2510 file devtable.c function fs_bdev_register_insert line 586 thread 0
----------------------------------------------------
  sb=&S0 (00001000 00000000 00000000 00000000 00000000 00000000 00000000 00000000)

State 2511 file devtable.c function super_dev_alloc line 356 thread 0
----------------------------------------------------
  fsd=((struct super_dev *)NULL) (00000000 00000000 00000000 00000000 00000000 00000000 00000000 00000000)

State 2514 file devtable.c function kzalloc_super_dev line 244 thread 0
----------------------------------------------------
  i=0 (00000000 00000000 00000000 00000000)

State 2521 file devtable.c function alloc_fail line 238 thread 0
----------------------------------------------------
  return_value_nondet_bool=FALSE (00000000)

State 2522 file devtable.c function alloc_fail line 238 thread 0
----------------------------------------------------
  tmp_if_expr=FALSE (0)

State 2524 file devtable.c function alloc_fail line 238 thread 0
----------------------------------------------------
  goto_symex$$return_value$$alloc_fail=0 (00000000 00000000 00000000 00000000)

State 2526 file devtable.c function kzalloc_super_dev line 246 thread 0
----------------------------------------------------
  return_value_alloc_fail=0 (00000000 00000000 00000000 00000000)

State 2529 file devtable.c function kzalloc_super_dev line 248 thread 0
----------------------------------------------------
  e=((struct super_dev *)NULL) (00000000 00000000 00000000 00000000 00000000 00000000 00000000 00000000)

State 2530 file devtable.c function kzalloc_super_dev line 250 thread 0
----------------------------------------------------
  i=0 (00000000 00000000 00000000 00000000)

State 2542 file devtable.c function kzalloc_super_dev line 250 thread 0
----------------------------------------------------
  i=1 (00000000 00000000 00000000 00000001)

State 2555 file devtable.c function kzalloc_super_dev line 250 thread 0
----------------------------------------------------
  i=2 (00000000 00000000 00000000 00000010)

State 2569 file devtable.c function kzalloc_super_dev line 252 thread 0
----------------------------------------------------
  e=&E2 (00000100 00000000 00000000 00000000 00000000 00000000 00000000 00000000)

State 2571 file devtable.c function kzalloc_super_dev line 250 thread 0
----------------------------------------------------
  i=3 (00000000 00000000 00000000 00000011)

State 2584 file devtable.c function kzalloc_super_dev line 250 thread 0
----------------------------------------------------
  i=4 (00000000 00000000 00000000 00000100)

State 2597 file devtable.c function kzalloc_super_dev line 250 thread 0
----------------------------------------------------
  i=5 (00000000 00000000 00000000 00000101)

Assumption:
  file devtable.c line 253 function kzalloc_super_dev
  e != ((struct super_dev *)NULL)

State 2607 file devtable.c function kzalloc_super_dev line 254 thread 0
----------------------------------------------------
  E2.sd_dev=0u (00000000 00000000 00000000 00000000)

State 2614 file devtable.c function kzalloc_super_dev line 255 thread 0
----------------------------------------------------
  E2.sd_sb=((struct super_block *)NULL) (00000000 00000000 00000000 00000000 00000000 00000000 00000000 00000000)

State 2621 file devtable.c function kzalloc_super_dev line 256 thread 0
----------------------------------------------------
  E2.sd_ref=0 (00000000 00000000 00000000 00000000)

State 2628 file devtable.c function kzalloc_super_dev line 257 thread 0
----------------------------------------------------
  E2.m_used=1 (00000000 00000000 00000000 00000001)

State 2635 file devtable.c function kzalloc_super_dev line 258 thread 0
----------------------------------------------------
  E2.m_linked=0 (00000000 00000000 00000000 00000000)

State 2642 file devtable.c function kzalloc_super_dev line 259 thread 0
----------------------------------------------------
  E2.m_seq=0 (00000000 00000000 00000000 00000000)

State 2649 file devtable.c function kzalloc_super_dev line 260 thread 0
----------------------------------------------------
  E2.m_dying=0 (00000000 00000000 00000000 00000000)

State 2656 file devtable.c function kzalloc_super_dev line 261 thread 0
----------------------------------------------------
  E2.m_passive=0 (00000000 00000000 00000000 00000000)

State 2657 file devtable.c function kzalloc_super_dev line 262 thread 0
----------------------------------------------------
  goto_symex$$return_value$$kzalloc_super_dev=&E2 (00000100 00000000 00000000 00000000 00000000 00000000 00000000 00000000)

State 2659 file devtable.c function super_dev_alloc line 358 thread 0
----------------------------------------------------
  fsd=&E2 (00000100 00000000 00000000 00000000 00000000 00000000 00000000 00000000)

State 2667 file devtable.c function super_dev_alloc line 361 thread 0
----------------------------------------------------
  E2.sd_dev=2u (00000000 00000000 00000000 00000010)

State 2674 file devtable.c function super_dev_alloc line 362 thread 0
----------------------------------------------------
  E2.sd_sb=&S0 (00001000 00000000 00000000 00000000 00000000 00000000 00000000 00000000)

State 2677 file devtable.c function super_dev_alloc line 363 thread 0
----------------------------------------------------
  r=&E2.sd_ref (00000100 00000000 00000000 00000000 00000000 00000000 00000000 00010000)

State 2678 file devtable.c function super_dev_alloc line 363 thread 0
----------------------------------------------------
  v=1 (00000000 00000000 00000000 00000001)

State 2685 file devtable.c function refcount_set line 209 thread 0
----------------------------------------------------
  E2.sd_ref=1 (00000000 00000000 00000000 00000001)

State 2687 file devtable.c function super_dev_alloc line 364 thread 0
----------------------------------------------------
  goto_symex$$return_value$$super_dev_alloc=&E2 (00000100 00000000 00000000 00000000 00000000 00000000 00000000 00000000)

State 2689 file devtable.c function fs_bdev_register_insert line 586 thread 0
----------------------------------------------------
  sb_dev=&E2 (00000100 00000000 00000000 00000000 00000000 00000000 00000000 00000000)

State 2693 file devtable.c function fs_bdev_register_insert line 590 thread 0
----------------------------------------------------
  fsd=&E2 (00000100 00000000 00000000 00000000 00000000 00000000 00000000 00000000)

State 2694 file devtable.c function super_dev_insert line 403 thread 0
----------------------------------------------------
  err=0 (00000000 00000000 00000000 00000000)

State 2697 file devtable.c function super_dev_insert line 405 thread 0
----------------------------------------------------
  fsd=&E2 (00000100 00000000 00000000 00000000 00000000 00000000 00000000 00000000)

State 2704 file devtable.c function alloc_fail line 238 thread 0
----------------------------------------------------
  return_value_nondet_bool=FALSE (00000000)

State 2705 file devtable.c function alloc_fail line 238 thread 0
----------------------------------------------------
  tmp_if_expr=FALSE (0)

State 2707 file devtable.c function alloc_fail line 238 thread 0
----------------------------------------------------
  goto_symex$$return_value$$alloc_fail=0 (00000000 00000000 00000000 00000000)

State 2709 file devtable.c function rhltable_insert line 279 thread 0
----------------------------------------------------
  return_value_alloc_fail=0 (00000000 00000000 00000000 00000000)

State 2730 file devtable.c function rhltable_insert line 282 thread 0
----------------------------------------------------
  E2.m_linked=1 (00000000 00000000 00000000 00000001)

State 2734 file devtable.c function rhltable_insert line 283 thread 0
----------------------------------------------------
  seq=2 (00000000 00000000 00000000 00000010)

State 2735 file devtable.c function rhltable_insert line 283 thread 0
----------------------------------------------------
  tmp_if_expr=2 (00000000 00000000 00000000 00000010)

State 2742 file devtable.c function rhltable_insert line 283 thread 0
----------------------------------------------------
  E2.m_seq=2 (00000000 00000000 00000000 00000010)

State 2743 file devtable.c function rhltable_insert line 284 thread 0
----------------------------------------------------
  goto_symex$$return_value$$rhltable_insert=0 (00000000 00000000 00000000 00000000)

State 2745 file devtable.c function super_dev_insert line 405 thread 0
----------------------------------------------------
  err=0 (00000000 00000000 00000000 00000000)

State 2755 file devtable.c function super_dev_insert line 407 thread 0
----------------------------------------------------
  r=&S0.s_passive (00001000 00000000 00000000 00000000 00000000 00000000 00000000 00000000)

State 2764 file devtable.c function refcount_inc line 215 thread 0
----------------------------------------------------
  S0.s_passive=3 (00000000 00000000 00000000 00000011)

State 2772 file devtable.c function super_dev_insert line 408 thread 0
----------------------------------------------------
  E2.m_passive=1 (00000000 00000000 00000000 00000001)

State 2773 file devtable.c function super_dev_insert line 410 thread 0
----------------------------------------------------
  goto_symex$$return_value$$super_dev_insert=0 (00000000 00000000 00000000 00000000)

State 2775 file devtable.c function fs_bdev_register_insert line 590 thread 0
----------------------------------------------------
  err=0 (00000000 00000000 00000000 00000000)

State 2779 file devtable.c function fs_bdev_register_insert line 595 thread 0
----------------------------------------------------
  reg_row[0l]=&E2 (00000100 00000000 00000000 00000000 00000000 00000000 00000000 00000000)

State 2780 file devtable.c function fs_bdev_register_insert line 595 thread 0
----------------------------------------------------
  reg_row[0l]=&E2 (00000100 00000000 00000000 00000000 00000000 00000000 00000000 00000000)

State 2781 file devtable.c function fs_bdev_register_insert line 595 thread 0
----------------------------------------------------
  reg_row[1l]=((struct super_dev *)NULL) (00000000 00000000 00000000 00000000 00000000 00000000 00000000 00000000)

State 2782 file devtable.c function fs_bdev_register_insert line 596 thread 0
----------------------------------------------------
  goto_symex$$return_value$$fs_bdev_register_insert=0 (00000000 00000000 00000000 00000000)

State 2784 file devtable.c function main line 869 thread 0
----------------------------------------------------
  ret=0 (00000000 00000000 00000000 00000000)

State 2787 file devtable.c function main line 870 thread 0
----------------------------------------------------
  reg_state[0l]=2 (00000000 00000000 00000000 00000010)

State 2788 file devtable.c function main line 870 thread 0
----------------------------------------------------
  reg_state[0l]=2 (00000000 00000000 00000000 00000010)

State 2789 file devtable.c function main line 870 thread 0
----------------------------------------------------
  reg_state[1l]=0 (00000000 00000000 00000000 00000000)

State 2793 file devtable.c function main line 1010 thread 0
----------------------------------------------------
  log_ret[1l]=0 (00000000 00000000 00000000 00000000)

State 2796 file devtable.c function track_claims line 661 thread 0
----------------------------------------------------
  s=0 (00000000 00000000 00000000 00000000)

State 2797 file devtable.c function track_claims line 662 thread 0
----------------------------------------------------
  d=0u (00000000 00000000 00000000 00000000)

State 2798 file devtable.c function track_claims line 664 thread 0
----------------------------------------------------
  s=0 (00000000 00000000 00000000 00000000)

State 2800 file devtable.c function track_claims line 665 thread 0
----------------------------------------------------
  d=1u (00000000 00000000 00000000 00000001)

State 2806 file devtable.c function track_claims line 666 thread 0
----------------------------------------------------
  s=0 (00000000 00000000 00000000 00000000)

State 2807 file devtable.c function track_claims line 666 thread 0
----------------------------------------------------
  d=1u (00000000 00000000 00000000 00000001)

State 2811 file devtable.c function pair_claimed line 655 thread 0
----------------------------------------------------
  s=0 (00000000 00000000 00000000 00000000)

State 2812 file devtable.c function pair_claimed line 655 thread 0
----------------------------------------------------
  dev=1u (00000000 00000000 00000000 00000001)

State 2813 file devtable.c function pair_pending line 645 thread 0
----------------------------------------------------
  r=0 (00000000 00000000 00000000 00000000)

State 2815 file devtable.c function pair_pending line 645 thread 0
----------------------------------------------------
  n=0 (00000000 00000000 00000000 00000000)

State 2816 file devtable.c function pair_pending line 647 thread 0
----------------------------------------------------
  r=0 (00000000 00000000 00000000 00000000)

State 2825 file devtable.c function pair_pending line 648 thread 0
----------------------------------------------------
  n=0 (00000000 00000000 00000000 00000000)

State 2827 file devtable.c function pair_pending line 647 thread 0
----------------------------------------------------
  r=1 (00000000 00000000 00000000 00000001)

State 2837 file devtable.c function pair_pending line 648 thread 0
----------------------------------------------------
  n=0 (00000000 00000000 00000000 00000000)

State 2839 file devtable.c function pair_pending line 647 thread 0
----------------------------------------------------
  r=2 (00000000 00000000 00000000 00000010)

State 2842 file devtable.c function pair_pending line 649 thread 0
----------------------------------------------------
  goto_symex$$return_value$$pair_pending=0 (00000000 00000000 00000000 00000000)

State 2844 file devtable.c function pair_claimed line 655 thread 0
----------------------------------------------------
  return_value_pair_pending=0 (00000000 00000000 00000000 00000000)

State 2860 file devtable.c function pair_claimed line 655 thread 0
----------------------------------------------------
  goto_symex$$return_value$$pair_claimed=1 (00000000 00000000 00000000 00000001)

State 2862 file devtable.c function track_claims line 666 thread 0
----------------------------------------------------
  return_value_pair_claimed=1 (00000000 00000000 00000000 00000001)

State 2863 file devtable.c function track_claims line 666 thread 0
----------------------------------------------------
  now=1 (00000000 00000000 00000000 00000001)

State 2868 file devtable.c function track_claims line 669 thread 0
----------------------------------------------------
  unborn_drop[0l][1l]=0 (00000000 00000000 00000000 00000000)

State 2873 file devtable.c function track_claims line 672 thread 0
----------------------------------------------------
  was_claimed[0l][1l]=1 (00000000 00000000 00000000 00000001)

State 2874 file devtable.c function track_claims line 665 thread 0
----------------------------------------------------
  d=2u (00000000 00000000 00000000 00000010)

State 2881 file devtable.c function track_claims line 666 thread 0
----------------------------------------------------
  s=0 (00000000 00000000 00000000 00000000)

State 2882 file devtable.c function track_claims line 666 thread 0
----------------------------------------------------
  d=2u (00000000 00000000 00000000 00000010)

State 2886 file devtable.c function pair_claimed line 655 thread 0
----------------------------------------------------
  s=0 (00000000 00000000 00000000 00000000)

State 2887 file devtable.c function pair_claimed line 655 thread 0
----------------------------------------------------
  dev=2u (00000000 00000000 00000000 00000010)

State 2888 file devtable.c function pair_pending line 645 thread 0
----------------------------------------------------
  r=0 (00000000 00000000 00000000 00000000)

State 2890 file devtable.c function pair_pending line 645 thread 0
----------------------------------------------------
  n=0 (00000000 00000000 00000000 00000000)

State 2891 file devtable.c function pair_pending line 647 thread 0
----------------------------------------------------
  r=0 (00000000 00000000 00000000 00000000)

State 2900 file devtable.c function pair_pending line 648 thread 0
----------------------------------------------------
  n=1 (00000000 00000000 00000000 00000001)

State 2902 file devtable.c function pair_pending line 647 thread 0
----------------------------------------------------
  r=1 (00000000 00000000 00000000 00000001)

State 2912 file devtable.c function pair_pending line 648 thread 0
----------------------------------------------------
  n=1 (00000000 00000000 00000000 00000001)

State 2914 file devtable.c function pair_pending line 647 thread 0
----------------------------------------------------
  r=2 (00000000 00000000 00000000 00000010)

State 2917 file devtable.c function pair_pending line 649 thread 0
----------------------------------------------------
  goto_symex$$return_value$$pair_pending=1 (00000000 00000000 00000000 00000001)

State 2919 file devtable.c function pair_claimed line 655 thread 0
----------------------------------------------------
  return_value_pair_pending=1 (00000000 00000000 00000000 00000001)

State 2935 file devtable.c function pair_claimed line 655 thread 0
----------------------------------------------------
  goto_symex$$return_value$$pair_claimed=1 (00000000 00000000 00000000 00000001)

State 2937 file devtable.c function track_claims line 666 thread 0
----------------------------------------------------
  return_value_pair_claimed=1 (00000000 00000000 00000000 00000001)

State 2938 file devtable.c function track_claims line 666 thread 0
----------------------------------------------------
  now=1 (00000000 00000000 00000000 00000001)

State 2943 file devtable.c function track_claims line 669 thread 0
----------------------------------------------------
  unborn_drop[0l][2l]=0 (00000000 00000000 00000000 00000000)

State 2948 file devtable.c function track_claims line 672 thread 0
----------------------------------------------------
  was_claimed[0l][2l]=1 (00000000 00000000 00000000 00000001)

State 2949 file devtable.c function track_claims line 665 thread 0
----------------------------------------------------
  d=3u (00000000 00000000 00000000 00000011)

State 2953 file devtable.c function track_claims line 664 thread 0
----------------------------------------------------
  s=1 (00000000 00000000 00000000 00000001)

State 2956 file devtable.c function track_claims line 665 thread 0
----------------------------------------------------
  d=1u (00000000 00000000 00000000 00000001)

State 2962 file devtable.c function track_claims line 666 thread 0
----------------------------------------------------
  s=1 (00000000 00000000 00000000 00000001)

State 2963 file devtable.c function track_claims line 666 thread 0
----------------------------------------------------
  d=1u (00000000 00000000 00000000 00000001)

State 2967 file devtable.c function pair_claimed line 655 thread 0
----------------------------------------------------
  s=1 (00000000 00000000 00000000 00000001)

State 2968 file devtable.c function pair_claimed line 655 thread 0
----------------------------------------------------
  dev=1u (00000000 00000000 00000000 00000001)

State 2969 file devtable.c function pair_pending line 645 thread 0
----------------------------------------------------
  r=0 (00000000 00000000 00000000 00000000)

State 2971 file devtable.c function pair_pending line 645 thread 0
----------------------------------------------------
  n=0 (00000000 00000000 00000000 00000000)

State 2972 file devtable.c function pair_pending line 647 thread 0
----------------------------------------------------
  r=0 (00000000 00000000 00000000 00000000)

State 2981 file devtable.c function pair_pending line 648 thread 0
----------------------------------------------------
  n=0 (00000000 00000000 00000000 00000000)

State 2983 file devtable.c function pair_pending line 647 thread 0
----------------------------------------------------
  r=1 (00000000 00000000 00000000 00000001)

State 2993 file devtable.c function pair_pending line 648 thread 0
----------------------------------------------------
  n=0 (00000000 00000000 00000000 00000000)

State 2995 file devtable.c function pair_pending line 647 thread 0
----------------------------------------------------
  r=2 (00000000 00000000 00000000 00000010)

State 2998 file devtable.c function pair_pending line 649 thread 0
----------------------------------------------------
  goto_symex$$return_value$$pair_pending=0 (00000000 00000000 00000000 00000000)

State 3000 file devtable.c function pair_claimed line 655 thread 0
----------------------------------------------------
  return_value_pair_pending=0 (00000000 00000000 00000000 00000000)

State 3016 file devtable.c function pair_claimed line 655 thread 0
----------------------------------------------------
  goto_symex$$return_value$$pair_claimed=0 (00000000 00000000 00000000 00000000)

State 3018 file devtable.c function track_claims line 666 thread 0
----------------------------------------------------
  return_value_pair_claimed=0 (00000000 00000000 00000000 00000000)

State 3019 file devtable.c function track_claims line 666 thread 0
----------------------------------------------------
  now=0 (00000000 00000000 00000000 00000000)

State 3036 file devtable.c function track_claims line 672 thread 0
----------------------------------------------------
  was_claimed[1l][1l]=0 (00000000 00000000 00000000 00000000)

State 3037 file devtable.c function track_claims line 665 thread 0
----------------------------------------------------
  d=2u (00000000 00000000 00000000 00000010)

State 3044 file devtable.c function track_claims line 666 thread 0
----------------------------------------------------
  s=1 (00000000 00000000 00000000 00000001)

State 3045 file devtable.c function track_claims line 666 thread 0
----------------------------------------------------
  d=2u (00000000 00000000 00000000 00000010)

State 3049 file devtable.c function pair_claimed line 655 thread 0
----------------------------------------------------
  s=1 (00000000 00000000 00000000 00000001)

State 3050 file devtable.c function pair_claimed line 655 thread 0
----------------------------------------------------
  dev=2u (00000000 00000000 00000000 00000010)

State 3051 file devtable.c function pair_pending line 645 thread 0
----------------------------------------------------
  r=0 (00000000 00000000 00000000 00000000)

State 3053 file devtable.c function pair_pending line 645 thread 0
----------------------------------------------------
  n=0 (00000000 00000000 00000000 00000000)

State 3054 file devtable.c function pair_pending line 647 thread 0
----------------------------------------------------
  r=0 (00000000 00000000 00000000 00000000)

State 3063 file devtable.c function pair_pending line 648 thread 0
----------------------------------------------------
  n=0 (00000000 00000000 00000000 00000000)

State 3065 file devtable.c function pair_pending line 647 thread 0
----------------------------------------------------
  r=1 (00000000 00000000 00000000 00000001)

State 3075 file devtable.c function pair_pending line 648 thread 0
----------------------------------------------------
  n=0 (00000000 00000000 00000000 00000000)

State 3077 file devtable.c function pair_pending line 647 thread 0
----------------------------------------------------
  r=2 (00000000 00000000 00000000 00000010)

State 3080 file devtable.c function pair_pending line 649 thread 0
----------------------------------------------------
  goto_symex$$return_value$$pair_pending=0 (00000000 00000000 00000000 00000000)

State 3082 file devtable.c function pair_claimed line 655 thread 0
----------------------------------------------------
  return_value_pair_pending=0 (00000000 00000000 00000000 00000000)

State 3098 file devtable.c function pair_claimed line 655 thread 0
----------------------------------------------------
  goto_symex$$return_value$$pair_claimed=0 (00000000 00000000 00000000 00000000)

State 3100 file devtable.c function track_claims line 666 thread 0
----------------------------------------------------
  return_value_pair_claimed=0 (00000000 00000000 00000000 00000000)

State 3101 file devtable.c function track_claims line 666 thread 0
----------------------------------------------------
  now=0 (00000000 00000000 00000000 00000000)

State 3118 file devtable.c function track_claims line 672 thread 0
----------------------------------------------------
  was_claimed[1l][2l]=0 (00000000 00000000 00000000 00000000)

State 3119 file devtable.c function track_claims line 665 thread 0
----------------------------------------------------
  d=3u (00000000 00000000 00000000 00000011)

State 3123 file devtable.c function track_claims line 664 thread 0
----------------------------------------------------
  s=2 (00000000 00000000 00000000 00000010)

State 3129 file devtable.c function check_invariants line 703 thread 0
----------------------------------------------------
  s=0 (00000000 00000000 00000000 00000000)

State 3130 file devtable.c function check_invariants line 703 thread 0
----------------------------------------------------
  i=0 (00000000 00000000 00000000 00000000)

State 3131 file devtable.c function check_invariants line 703 thread 0
----------------------------------------------------
  c=0 (00000000 00000000 00000000 00000000)

State 3132 file devtable.c function check_invariants line 704 thread 0
----------------------------------------------------
  d=0u (00000000 00000000 00000000 00000000)

State 3133 file devtable.c function check_invariants line 706 thread 0
----------------------------------------------------
  c=0 (00000000 00000000 00000000 00000000)

State 3139 file devtable.c function check_invariants line 707 thread 0
----------------------------------------------------
  p=((struct super_dev *)NULL) (00000000 00000000 00000000 00000000 00000000 00000000 00000000 00000000)

State 3140 file devtable.c function check_pin line 684 thread 0
----------------------------------------------------
  sb=((struct super_block *)NULL) (00000000 00000000 00000000 00000000 00000000 00000000 00000000 00000000)

State 3148 file devtable.c function check_invariants line 708 thread 0
----------------------------------------------------
  p=((struct super_dev *)NULL) (00000000 00000000 00000000 00000000 00000000 00000000 00000000 00000000)

State 3149 file devtable.c function check_pin line 684 thread 0
----------------------------------------------------
  sb=((struct super_block *)NULL) (00000000 00000000 00000000 00000000 00000000 00000000 00000000 00000000)

State 3154 file devtable.c function check_invariants line 706 thread 0
----------------------------------------------------
  c=1 (00000000 00000000 00000000 00000001)

State 3157 file devtable.c function check_invariants line 711 thread 0
----------------------------------------------------
  i=0 (00000000 00000000 00000000 00000000)

State 3162 file devtable.c function check_invariants line 712 thread 0
----------------------------------------------------
  e=&E0 (00000111 00000000 00000000 00000000 00000000 00000000 00000000 00000000)

State 3232 file devtable.c function check_invariants line 711 thread 0
----------------------------------------------------
  i=1 (00000000 00000000 00000000 00000001)

State 3238 file devtable.c function check_invariants line 712 thread 0
----------------------------------------------------
  e=&E1 (00000101 00000000 00000000 00000000 00000000 00000000 00000000 00000000)

State 3275 file devtable.c function check_invariants line 711 thread 0
----------------------------------------------------
  i=2 (00000000 00000000 00000000 00000010)

State 3281 file devtable.c function check_invariants line 712 thread 0
----------------------------------------------------
  e=&E2 (00000100 00000000 00000000 00000000 00000000 00000000 00000000 00000000)

State 3351 file devtable.c function check_invariants line 711 thread 0
----------------------------------------------------
  i=3 (00000000 00000000 00000000 00000011)

State 3357 file devtable.c function check_invariants line 712 thread 0
----------------------------------------------------
  e=&E3 (00000011 00000000 00000000 00000000 00000000 00000000 00000000 00000000)

State 3367 file devtable.c function check_invariants line 711 thread 0
----------------------------------------------------
  i=4 (00000000 00000000 00000000 00000100)

State 3373 file devtable.c function check_invariants line 712 thread 0
----------------------------------------------------
  e=&E4 (00000010 00000000 00000000 00000000 00000000 00000000 00000000 00000000)

State 3383 file devtable.c function check_invariants line 711 thread 0
----------------------------------------------------
  i=5 (00000000 00000000 00000000 00000101)

State 3386 file devtable.c function check_invariants line 725 thread 0
----------------------------------------------------
  s=0 (00000000 00000000 00000000 00000000)

State 3391 file devtable.c function check_invariants line 726 thread 0
----------------------------------------------------
  sb=&S0 (00001000 00000000 00000000 00000000 00000000 00000000 00000000 00000000)

State 3393 file devtable.c function check_invariants line 727 thread 0
----------------------------------------------------
  rows=0 (00000000 00000000 00000000 00000000)

State 3394 file devtable.c function check_invariants line 727 thread 0
----------------------------------------------------
  base=0 (00000000 00000000 00000000 00000000)

State 3396 file devtable.c function check_invariants line 727 thread 0
----------------------------------------------------
  sleepers=0 (00000000 00000000 00000000 00000000)

State 3410 file devtable.c function check_invariants line 731 thread 0
----------------------------------------------------
  i=0 (00000000 00000000 00000000 00000000)

State 3437 file devtable.c function check_invariants line 732 thread 0
----------------------------------------------------
  rows=1 (00000000 00000000 00000000 00000001)

State 3439 file devtable.c function check_invariants line 731 thread 0
----------------------------------------------------
  i=1 (00000000 00000000 00000000 00000001)

State 3467 file devtable.c function check_invariants line 732 thread 0
----------------------------------------------------
  rows=1 (00000000 00000000 00000000 00000001)

State 3469 file devtable.c function check_invariants line 731 thread 0
----------------------------------------------------
  i=2 (00000000 00000000 00000000 00000010)

State 3497 file devtable.c function check_invariants line 732 thread 0
----------------------------------------------------
  rows=2 (00000000 00000000 00000000 00000010)

State 3499 file devtable.c function check_invariants line 731 thread 0
----------------------------------------------------
  i=3 (00000000 00000000 00000000 00000011)

State 3527 file devtable.c function check_invariants line 732 thread 0
----------------------------------------------------
  rows=2 (00000000 00000000 00000000 00000010)

State 3529 file devtable.c function check_invariants line 731 thread 0
----------------------------------------------------
  i=4 (00000000 00000000 00000000 00000100)

State 3557 file devtable.c function check_invariants line 732 thread 0
----------------------------------------------------
  rows=2 (00000000 00000000 00000000 00000010)

State 3559 file devtable.c function check_invariants line 731 thread 0
----------------------------------------------------
  i=5 (00000000 00000000 00000000 00000101)

State 3562 file devtable.c function check_invariants line 733 thread 0
----------------------------------------------------
  c=0 (00000000 00000000 00000000 00000000)

State 3567 file devtable.c function check_invariants line 734 thread 0
----------------------------------------------------
  sleepers=0 (00000000 00000000 00000000 00000000)

State 3569 file devtable.c function check_invariants line 733 thread 0
----------------------------------------------------
  c=1 (00000000 00000000 00000000 00000001)

State 3578 file devtable.c function check_invariants line 735 thread 0
----------------------------------------------------
  base=1 (00000000 00000000 00000000 00000001)

State 3605 file devtable.c function check_invariants line 743 thread 0
----------------------------------------------------
  d=1u (00000000 00000000 00000000 00000001)

State 3608 file devtable.c function check_invariants line 744 thread 0
----------------------------------------------------
  refs=0 (00000000 00000000 00000000 00000000)

State 3610 file devtable.c function check_invariants line 744 thread 0
----------------------------------------------------
  pins=0 (00000000 00000000 00000000 00000000)

State 3611 file devtable.c function check_invariants line 744 thread 0
----------------------------------------------------
  want=0 (00000000 00000000 00000000 00000000)

State 3612 file devtable.c function check_invariants line 746 thread 0
----------------------------------------------------
  i=0 (00000000 00000000 00000000 00000000)

State 3656 file devtable.c function check_invariants line 748 thread 0
----------------------------------------------------
  refs=1 (00000000 00000000 00000000 00000001)

State 3658 file devtable.c function check_invariants line 746 thread 0
----------------------------------------------------
  i=1 (00000000 00000000 00000000 00000001)

State 3695 file devtable.c function check_invariants line 746 thread 0
----------------------------------------------------
  i=2 (00000000 00000000 00000000 00000010)

State 3732 file devtable.c function check_invariants line 746 thread 0
----------------------------------------------------
  i=3 (00000000 00000000 00000000 00000011)

State 3769 file devtable.c function check_invariants line 746 thread 0
----------------------------------------------------
  i=4 (00000000 00000000 00000000 00000100)

State 3806 file devtable.c function check_invariants line 746 thread 0
----------------------------------------------------
  i=5 (00000000 00000000 00000000 00000101)

State 3809 file devtable.c function check_invariants line 749 thread 0
----------------------------------------------------
  c=0 (00000000 00000000 00000000 00000000)

State 3850 file devtable.c function check_invariants line 749 thread 0
----------------------------------------------------
  c=1 (00000000 00000000 00000000 00000001)

State 3856 file devtable.c function check_invariants line 756 thread 0
----------------------------------------------------
  s=0 (00000000 00000000 00000000 00000000)

State 3857 file devtable.c function check_invariants line 756 thread 0
----------------------------------------------------
  dev=1u (00000000 00000000 00000000 00000001)

State 3858 file devtable.c function pair_pending line 645 thread 0
----------------------------------------------------
  r=0 (00000000 00000000 00000000 00000000)

State 3860 file devtable.c function pair_pending line 645 thread 0
----------------------------------------------------
  n=0 (00000000 00000000 00000000 00000000)

State 3861 file devtable.c function pair_pending line 647 thread 0
----------------------------------------------------
  r=0 (00000000 00000000 00000000 00000000)

State 3870 file devtable.c function pair_pending line 648 thread 0
----------------------------------------------------
  n=0 (00000000 00000000 00000000 00000000)

State 3872 file devtable.c function pair_pending line 647 thread 0
----------------------------------------------------
  r=1 (00000000 00000000 00000000 00000001)

State 3882 file devtable.c function pair_pending line 648 thread 0
----------------------------------------------------
  n=0 (00000000 00000000 00000000 00000000)

State 3884 file devtable.c function pair_pending line 647 thread 0
----------------------------------------------------
  r=2 (00000000 00000000 00000000 00000010)

State 3887 file devtable.c function pair_pending line 649 thread 0
----------------------------------------------------
  goto_symex$$return_value$$pair_pending=0 (00000000 00000000 00000000 00000000)

State 3889 file devtable.c function check_invariants line 756 thread 0
----------------------------------------------------
  return_value_pair_pending=0 (00000000 00000000 00000000 00000000)

State 3904 file devtable.c function check_invariants line 755 thread 0
----------------------------------------------------
  want=1 (00000000 00000000 00000000 00000001)

State 3907 file devtable.c function check_invariants line 743 thread 0
----------------------------------------------------
  d=2u (00000000 00000000 00000000 00000010)

State 3911 file devtable.c function check_invariants line 744 thread 0
----------------------------------------------------
  refs=0 (00000000 00000000 00000000 00000000)

State 3913 file devtable.c function check_invariants line 744 thread 0
----------------------------------------------------
  pins=0 (00000000 00000000 00000000 00000000)

State 3914 file devtable.c function check_invariants line 744 thread 0
----------------------------------------------------
  want=0 (00000000 00000000 00000000 00000000)

State 3915 file devtable.c function check_invariants line 746 thread 0
----------------------------------------------------
  i=0 (00000000 00000000 00000000 00000000)

State 3951 file devtable.c function check_invariants line 746 thread 0
----------------------------------------------------
  i=1 (00000000 00000000 00000000 00000001)

State 3988 file devtable.c function check_invariants line 746 thread 0
----------------------------------------------------
  i=2 (00000000 00000000 00000000 00000010)

State 4033 file devtable.c function check_invariants line 748 thread 0
----------------------------------------------------
  refs=1 (00000000 00000000 00000000 00000001)

State 4035 file devtable.c function check_invariants line 746 thread 0
----------------------------------------------------
  i=3 (00000000 00000000 00000000 00000011)

State 4072 file devtable.c function check_invariants line 746 thread 0
----------------------------------------------------
  i=4 (00000000 00000000 00000000 00000100)

State 4109 file devtable.c function check_invariants line 746 thread 0
----------------------------------------------------
  i=5 (00000000 00000000 00000000 00000101)

State 4112 file devtable.c function check_invariants line 749 thread 0
----------------------------------------------------
  c=0 (00000000 00000000 00000000 00000000)

State 4153 file devtable.c function check_invariants line 749 thread 0
----------------------------------------------------
  c=1 (00000000 00000000 00000000 00000001)

State 4159 file devtable.c function check_invariants line 756 thread 0
----------------------------------------------------
  s=0 (00000000 00000000 00000000 00000000)

State 4160 file devtable.c function check_invariants line 756 thread 0
----------------------------------------------------
  dev=2u (00000000 00000000 00000000 00000010)

State 4161 file devtable.c function pair_pending line 645 thread 0
----------------------------------------------------
  r=0 (00000000 00000000 00000000 00000000)

State 4163 file devtable.c function pair_pending line 645 thread 0
----------------------------------------------------
  n=0 (00000000 00000000 00000000 00000000)

State 4164 file devtable.c function pair_pending line 647 thread 0
----------------------------------------------------
  r=0 (00000000 00000000 00000000 00000000)

State 4173 file devtable.c function pair_pending line 648 thread 0
----------------------------------------------------
  n=1 (00000000 00000000 00000000 00000001)

State 4175 file devtable.c function pair_pending line 647 thread 0
----------------------------------------------------
  r=1 (00000000 00000000 00000000 00000001)

State 4185 file devtable.c function pair_pending line 648 thread 0
----------------------------------------------------
  n=1 (00000000 00000000 00000000 00000001)

State 4187 file devtable.c function pair_pending line 647 thread 0
----------------------------------------------------
  r=2 (00000000 00000000 00000000 00000010)

State 4190 file devtable.c function pair_pending line 649 thread 0
----------------------------------------------------
  goto_symex$$return_value$$pair_pending=1 (00000000 00000000 00000000 00000001)

State 4192 file devtable.c function check_invariants line 756 thread 0
----------------------------------------------------
  return_value_pair_pending=1 (00000000 00000000 00000000 00000001)

State 4207 file devtable.c function check_invariants line 755 thread 0
----------------------------------------------------
  want=1 (00000000 00000000 00000000 00000001)

State 4210 file devtable.c function check_invariants line 743 thread 0
----------------------------------------------------
  d=3u (00000000 00000000 00000000 00000011)

State 4214 file devtable.c function check_invariants line 725 thread 0
----------------------------------------------------
  s=1 (00000000 00000000 00000000 00000001)

State 4220 file devtable.c function check_invariants line 726 thread 0
----------------------------------------------------
  sb=&S1 (00000110 00000000 00000000 00000000 00000000 00000000 00000000 00000000)

State 4222 file devtable.c function check_invariants line 727 thread 0
----------------------------------------------------
  rows=0 (00000000 00000000 00000000 00000000)

State 4223 file devtable.c function check_invariants line 727 thread 0
----------------------------------------------------
  base=0 (00000000 00000000 00000000 00000000)

State 4225 file devtable.c function check_invariants line 727 thread 0
----------------------------------------------------
  sleepers=0 (00000000 00000000 00000000 00000000)

State 4241 file devtable.c function check_invariants line 725 thread 0
----------------------------------------------------
  s=2 (00000000 00000000 00000000 00000010)

State 4246 file devtable.c function main line 800 thread 0
----------------------------------------------------
  step=2 (00000000 00000000 00000000 00000010)

State 4251 file devtable.c function main line 801 thread 0
----------------------------------------------------
  return_value_nondet_int=8 (00000000 00000000 00000000 00001000)

State 4252 file devtable.c function main line 801 thread 0
----------------------------------------------------
  op=8 (00000000 00000000 00000000 00001000)

State 4255 file devtable.c function main line 802 thread 0
----------------------------------------------------
  return_value_nondet_int$0=1 (00000000 00000000 00000000 00000001)

State 4256 file devtable.c function main line 802 thread 0
----------------------------------------------------
  sa=1 (00000000 00000000 00000000 00000001)

State 4259 file devtable.c function main line 803 thread 0
----------------------------------------------------
  return_value_nondet_int$1=2 (00000000 00000000 00000000 00000010)

State 4260 file devtable.c function main line 803 thread 0
----------------------------------------------------
  da=2 (00000000 00000000 00000000 00000010)

State 4263 file devtable.c function main line 804 thread 0
----------------------------------------------------
  return_value_nondet_int$2=0 (00000000 00000000 00000000 00000000)

State 4264 file devtable.c function main line 804 thread 0
----------------------------------------------------
  xa=0 (00000000 00000000 00000000 00000000)

State 4266 file devtable.c function main line 805 thread 0
----------------------------------------------------
  ret=0 (00000000 00000000 00000000 00000000)

State 4267 file devtable.c function main line 806 thread 0
----------------------------------------------------
  sb=((struct super_block *)NULL) (00000000 00000000 00000000 00000000 00000000 00000000 00000000 00000000)

State 4268 file devtable.c function main line 807 thread 0
----------------------------------------------------
  dev=0u (00000000 00000000 00000000 00000000)

Assumption:
  file devtable.c line 809 function main
  op >= 0 && op < 15

Assumption:
  file devtable.c line 810 function main
  sa >= 0 && sa < 2

Assumption:
  file devtable.c line 811 function main
  da >= 1 && da <= 2

State 4274 file devtable.c function main line 812 thread 0
----------------------------------------------------
  sb=&S1 (00000110 00000000 00000000 00000000 00000000 00000000 00000000 00000000)

State 4275 file devtable.c function main line 813 thread 0
----------------------------------------------------
  dev=2u (00000000 00000000 00000000 00000010)

State 4278 file devtable.c function main line 814 thread 0
----------------------------------------------------
  log_op[2l]=8 (00000000 00000000 00000000 00001000)

State 4283 file devtable.c function main line 815 thread 0
----------------------------------------------------
  log_arg[2l]=12 (00000000 00000000 00000000 00001100)

State 4292 file devtable.c function main line 931 thread 0
----------------------------------------------------
  c=0 (00000000 00000000 00000000 00000000)

Assumption:
  file devtable.c line 932 function main
  cursor[(signed long int)c] == ((struct super_dev *)NULL) && !(cursor_taken[(signed long int)c] != 0)

State 4302 file devtable.c function main line 934 thread 0
----------------------------------------------------
  cur=0 (00000000 00000000 00000000 00000000)

State 4305 file devtable.c function main line 935 thread 0
----------------------------------------------------
  cursor_dev[0l]=2 (00000000 00000000 00000000 00000010)

State 4309 file devtable.c function main line 936 thread 0
----------------------------------------------------
  dev=2u (00000000 00000000 00000000 00000010)

State 4313 file devtable.c function super_dev_first line 508 thread 0
----------------------------------------------------
  dev=2u (00000000 00000000 00000000 00000010)

State 4314 file devtable.c function super_dev_first line 508 thread 0
----------------------------------------------------
  prev=((struct super_dev *)NULL) (00000000 00000000 00000000 00000000 00000000 00000000 00000000 00000000)

State 4315 file devtable.c function super_dev_get line 453 thread 0
----------------------------------------------------
  sb=((struct super_block *)NULL) (00000000 00000000 00000000 00000000 00000000 00000000 00000000 00000000)

State 4316 file devtable.c function super_dev_get line 453 thread 0
----------------------------------------------------
  unborn=((struct super_block *)NULL) (00000000 00000000 00000000 00000000 00000000 00000000 00000000 00000000)

State 4317 file devtable.c function super_dev_get line 454 thread 0
----------------------------------------------------
  sb_dev=((struct super_dev *)NULL) (00000000 00000000 00000000 00000000 00000000 00000000 00000000 00000000)

State 4318 file devtable.c function super_dev_get line 455 thread 0
----------------------------------------------------
  pos=((struct super_dev *)NULL) (00000000 00000000 00000000 00000000 00000000 00000000 00000000 00000000)

State 4319 file devtable.c function super_dev_get line 456 thread 0
----------------------------------------------------
  n=0 (00000000 00000000 00000000 00000000)

State 4322 file devtable.c function super_dev_get line 459 thread 0
----------------------------------------------------
  unborn=((struct super_block *)NULL) (00000000 00000000 00000000 00000000 00000000 00000000 00000000 00000000)

State 4324 file devtable.c function super_dev_get line 468 thread 0
----------------------------------------------------
  unborn=((struct super_block *)NULL) (00000000 00000000 00000000 00000000 00000000 00000000 00000000 00000000)

State 4328 file devtable.c function super_dev_get line 475 thread 0
----------------------------------------------------
  dev=2u (00000000 00000000 00000000 00000010)

State 4332 file devtable.c function rhltable_lookup line 314 thread 0
----------------------------------------------------
  dev=2u (00000000 00000000 00000000 00000010)

State 4333 file devtable.c function rhltable_lookup line 314 thread 0
----------------------------------------------------
  below=0 (00000000 00000000 00000000 00000000)

State 4334 file devtable.c function rhltable_lookup line 314 thread 0
----------------------------------------------------
  bounded=FALSE (00000000)

State 4336 file devtable.c function chain_after line 296 thread 0
----------------------------------------------------
  best=((struct super_dev *)NULL) (00000000 00000000 00000000 00000000 00000000 00000000 00000000 00000000)

State 4337 file devtable.c function chain_after line 297 thread 0
----------------------------------------------------
  i=0 (00000000 00000000 00000000 00000000)

State 4338 file devtable.c function chain_after line 299 thread 0
----------------------------------------------------
  i=0 (00000000 00000000 00000000 00000000)

State 4343 file devtable.c function chain_after line 300 thread 0
----------------------------------------------------
  e=&E0 (00000111 00000000 00000000 00000000 00000000 00000000 00000000 00000000)

State 4365 file devtable.c function chain_after line 299 thread 0
----------------------------------------------------
  i=1 (00000000 00000000 00000000 00000001)

State 4371 file devtable.c function chain_after line 300 thread 0
----------------------------------------------------
  e=&E1 (00000101 00000000 00000000 00000000 00000000 00000000 00000000 00000000)

State 4393 file devtable.c function chain_after line 299 thread 0
----------------------------------------------------
  i=2 (00000000 00000000 00000000 00000010)

State 4399 file devtable.c function chain_after line 300 thread 0
----------------------------------------------------
  e=&E2 (00000100 00000000 00000000 00000000 00000000 00000000 00000000 00000000)

State 4439 file devtable.c function chain_after line 307 thread 0
----------------------------------------------------
  best=&E2 (00000100 00000000 00000000 00000000 00000000 00000000 00000000 00000000)

State 4441 file devtable.c function chain_after line 299 thread 0
----------------------------------------------------
  i=3 (00000000 00000000 00000000 00000011)

State 4447 file devtable.c function chain_after line 300 thread 0
----------------------------------------------------
  e=&E3 (00000011 00000000 00000000 00000000 00000000 00000000 00000000 00000000)

State 4469 file devtable.c function chain_after line 299 thread 0
----------------------------------------------------
  i=4 (00000000 00000000 00000000 00000100)

State 4475 file devtable.c function chain_after line 300 thread 0
----------------------------------------------------
  e=&E4 (00000010 00000000 00000000 00000000 00000000 00000000 00000000 00000000)

State 4497 file devtable.c function chain_after line 299 thread 0
----------------------------------------------------
  i=5 (00000000 00000000 00000000 00000101)

State 4500 file devtable.c function chain_after line 309 thread 0
----------------------------------------------------
  goto_symex$$return_value$$chain_after=&E2 (00000100 00000000 00000000 00000000 00000000 00000000 00000000 00000000)

State 4502 file devtable.c function rhltable_lookup line 314 thread 0
----------------------------------------------------
  return_value_chain_after=&E2 (00000100 00000000 00000000 00000000 00000000 00000000 00000000 00000000)

State 4503 file devtable.c function rhltable_lookup line 314 thread 0
----------------------------------------------------
  goto_symex$$return_value$$rhltable_lookup=&E2 (00000100 00000000 00000000 00000000 00000000 00000000 00000000 00000000)

State 4505 file devtable.c function super_dev_get line 475 thread 0
----------------------------------------------------
  pos=&E2 (00000100 00000000 00000000 00000000 00000000 00000000 00000000 00000000)

State 4506 file devtable.c function super_dev_get line 479 thread 0
----------------------------------------------------
  n=0 (00000000 00000000 00000000 00000000)

State 4508 file devtable.c function super_dev_get line 480 thread 0
----------------------------------------------------
  sb_dev=&E2 (00000100 00000000 00000000 00000000 00000000 00000000 00000000 00000000)

State 4515 file devtable.c function super_dev_get line 481 thread 0
----------------------------------------------------
  sb=&S0 (00001000 00000000 00000000 00000000 00000000 00000000 00000000 00000000)

State 4518 file devtable.c function super_dev_get line 482 thread 0
----------------------------------------------------
  tmp_if_expr=TRUE (1)

State 4524 file devtable.c function super_dev_get line 483 thread 0
----------------------------------------------------
  r=&E2.sd_ref (00000100 00000000 00000000 00000000 00000000 00000000 00000000 00010000)

State 4539 file devtable.c function refcount_inc_not_zero line 222 thread 0
----------------------------------------------------
  E2.sd_ref=2 (00000000 00000000 00000000 00000010)

State 4540 file devtable.c function refcount_inc_not_zero line 223 thread 0
----------------------------------------------------
  goto_symex$$return_value$$refcount_inc_not_zero=TRUE (00000001)

State 4542 file devtable.c function super_dev_get line 483 thread 0
----------------------------------------------------
  return_value_refcount_inc_not_zero=TRUE (00000001)

State 4544 file devtable.c function super_dev_get line 484 thread 0
----------------------------------------------------
  goto_symex$$return_value$$super_dev_get=&E2 (00000100 00000000 00000000 00000000 00000000 00000000 00000000 00000000)

State 4547 file devtable.c function super_dev_first line 508 thread 0
----------------------------------------------------
  return_value_super_dev_get=&E2 (00000100 00000000 00000000 00000000 00000000 00000000 00000000 00000000)

State 4548 file devtable.c function super_dev_first line 508 thread 0
----------------------------------------------------
  goto_symex$$return_value$$super_dev_first=&E2 (00000100 00000000 00000000 00000000 00000000 00000000 00000000 00000000)

State 4550 file devtable.c function main line 936 thread 0
----------------------------------------------------
  return_value_super_dev_first=&E2 (00000100 00000000 00000000 00000000 00000000 00000000 00000000 00000000)

State 4553 file devtable.c function main line 936 thread 0
----------------------------------------------------
  cursor[0l]=&E2 (00000100 00000000 00000000 00000000 00000000 00000000 00000000 00000000)

State 4556 file devtable.c function main line 937 thread 0
----------------------------------------------------
  c=0 (00000000 00000000 00000000 00000000)

State 4557 file devtable.c function cur_ret line 767 thread 0
----------------------------------------------------
  i=0 (00000000 00000000 00000000 00000000)

State 4561 file devtable.c function cur_ret line 771 thread 0
----------------------------------------------------
  i=0 (00000000 00000000 00000000 00000000)

State 4569 file devtable.c function cur_ret line 771 thread 0
----------------------------------------------------
  i=1 (00000000 00000000 00000000 00000001)

State 4578 file devtable.c function cur_ret line 771 thread 0
----------------------------------------------------
  i=2 (00000000 00000000 00000000 00000010)

State 4586 file devtable.c function cur_ret line 773 thread 0
----------------------------------------------------
  goto_symex$$return_value$$cur_ret=2 (00000000 00000000 00000000 00000010)

State 4589 file devtable.c function main line 937 thread 0
----------------------------------------------------
  ret=2 (00000000 00000000 00000000 00000010)

State 4593 file devtable.c function main line 1010 thread 0
----------------------------------------------------
  log_ret[2l]=2 (00000000 00000000 00000000 00000010)

State 4596 file devtable.c function track_claims line 661 thread 0
----------------------------------------------------
  s=0 (00000000 00000000 00000000 00000000)

State 4597 file devtable.c function track_claims line 662 thread 0
----------------------------------------------------
  d=0u (00000000 00000000 00000000 00000000)

State 4598 file devtable.c function track_claims line 664 thread 0
----------------------------------------------------
  s=0 (00000000 00000000 00000000 00000000)

State 4600 file devtable.c function track_claims line 665 thread 0
----------------------------------------------------
  d=1u (00000000 00000000 00000000 00000001)

State 4606 file devtable.c function track_claims line 666 thread 0
----------------------------------------------------
  s=0 (00000000 00000000 00000000 00000000)

State 4607 file devtable.c function track_claims line 666 thread 0
----------------------------------------------------
  d=1u (00000000 00000000 00000000 00000001)

State 4611 file devtable.c function pair_claimed line 655 thread 0
----------------------------------------------------
  s=0 (00000000 00000000 00000000 00000000)

State 4612 file devtable.c function pair_claimed line 655 thread 0
----------------------------------------------------
  dev=1u (00000000 00000000 00000000 00000001)

State 4613 file devtable.c function pair_pending line 645 thread 0
----------------------------------------------------
  r=0 (00000000 00000000 00000000 00000000)

State 4615 file devtable.c function pair_pending line 645 thread 0
----------------------------------------------------
  n=0 (00000000 00000000 00000000 00000000)

State 4616 file devtable.c function pair_pending line 647 thread 0
----------------------------------------------------
  r=0 (00000000 00000000 00000000 00000000)

State 4625 file devtable.c function pair_pending line 648 thread 0
----------------------------------------------------
  n=0 (00000000 00000000 00000000 00000000)

State 4627 file devtable.c function pair_pending line 647 thread 0
----------------------------------------------------
  r=1 (00000000 00000000 00000000 00000001)

State 4637 file devtable.c function pair_pending line 648 thread 0
----------------------------------------------------
  n=0 (00000000 00000000 00000000 00000000)

State 4639 file devtable.c function pair_pending line 647 thread 0
----------------------------------------------------
  r=2 (00000000 00000000 00000000 00000010)

State 4642 file devtable.c function pair_pending line 649 thread 0
----------------------------------------------------
  goto_symex$$return_value$$pair_pending=0 (00000000 00000000 00000000 00000000)

State 4644 file devtable.c function pair_claimed line 655 thread 0
----------------------------------------------------
  return_value_pair_pending=0 (00000000 00000000 00000000 00000000)

State 4660 file devtable.c function pair_claimed line 655 thread 0
----------------------------------------------------
  goto_symex$$return_value$$pair_claimed=1 (00000000 00000000 00000000 00000001)

State 4662 file devtable.c function track_claims line 666 thread 0
----------------------------------------------------
  return_value_pair_claimed=1 (00000000 00000000 00000000 00000001)

State 4663 file devtable.c function track_claims line 666 thread 0
----------------------------------------------------
  now=1 (00000000 00000000 00000000 00000001)

State 4668 file devtable.c function track_claims line 669 thread 0
----------------------------------------------------
  unborn_drop[0l][1l]=0 (00000000 00000000 00000000 00000000)

State 4673 file devtable.c function track_claims line 672 thread 0
----------------------------------------------------
  was_claimed[0l][1l]=1 (00000000 00000000 00000000 00000001)

State 4674 file devtable.c function track_claims line 665 thread 0
----------------------------------------------------
  d=2u (00000000 00000000 00000000 00000010)

State 4681 file devtable.c function track_claims line 666 thread 0
----------------------------------------------------
  s=0 (00000000 00000000 00000000 00000000)

State 4682 file devtable.c function track_claims line 666 thread 0
----------------------------------------------------
  d=2u (00000000 00000000 00000000 00000010)

State 4686 file devtable.c function pair_claimed line 655 thread 0
----------------------------------------------------
  s=0 (00000000 00000000 00000000 00000000)

State 4687 file devtable.c function pair_claimed line 655 thread 0
----------------------------------------------------
  dev=2u (00000000 00000000 00000000 00000010)

State 4688 file devtable.c function pair_pending line 645 thread 0
----------------------------------------------------
  r=0 (00000000 00000000 00000000 00000000)

State 4690 file devtable.c function pair_pending line 645 thread 0
----------------------------------------------------
  n=0 (00000000 00000000 00000000 00000000)

State 4691 file devtable.c function pair_pending line 647 thread 0
----------------------------------------------------
  r=0 (00000000 00000000 00000000 00000000)

State 4700 file devtable.c function pair_pending line 648 thread 0
----------------------------------------------------
  n=1 (00000000 00000000 00000000 00000001)

State 4702 file devtable.c function pair_pending line 647 thread 0
----------------------------------------------------
  r=1 (00000000 00000000 00000000 00000001)

State 4712 file devtable.c function pair_pending line 648 thread 0
----------------------------------------------------
  n=1 (00000000 00000000 00000000 00000001)

State 4714 file devtable.c function pair_pending line 647 thread 0
----------------------------------------------------
  r=2 (00000000 00000000 00000000 00000010)

State 4717 file devtable.c function pair_pending line 649 thread 0
----------------------------------------------------
  goto_symex$$return_value$$pair_pending=1 (00000000 00000000 00000000 00000001)

State 4719 file devtable.c function pair_claimed line 655 thread 0
----------------------------------------------------
  return_value_pair_pending=1 (00000000 00000000 00000000 00000001)

State 4735 file devtable.c function pair_claimed line 655 thread 0
----------------------------------------------------
  goto_symex$$return_value$$pair_claimed=1 (00000000 00000000 00000000 00000001)

State 4737 file devtable.c function track_claims line 666 thread 0
----------------------------------------------------
  return_value_pair_claimed=1 (00000000 00000000 00000000 00000001)

State 4738 file devtable.c function track_claims line 666 thread 0
----------------------------------------------------
  now=1 (00000000 00000000 00000000 00000001)

State 4743 file devtable.c function track_claims line 669 thread 0
----------------------------------------------------
  unborn_drop[0l][2l]=0 (00000000 00000000 00000000 00000000)

State 4748 file devtable.c function track_claims line 672 thread 0
----------------------------------------------------
  was_claimed[0l][2l]=1 (00000000 00000000 00000000 00000001)

State 4749 file devtable.c function track_claims line 665 thread 0
----------------------------------------------------
  d=3u (00000000 00000000 00000000 00000011)

State 4753 file devtable.c function track_claims line 664 thread 0
----------------------------------------------------
  s=1 (00000000 00000000 00000000 00000001)

State 4756 file devtable.c function track_claims line 665 thread 0
----------------------------------------------------
  d=1u (00000000 00000000 00000000 00000001)

State 4762 file devtable.c function track_claims line 666 thread 0
----------------------------------------------------
  s=1 (00000000 00000000 00000000 00000001)

State 4763 file devtable.c function track_claims line 666 thread 0
----------------------------------------------------
  d=1u (00000000 00000000 00000000 00000001)

State 4767 file devtable.c function pair_claimed line 655 thread 0
----------------------------------------------------
  s=1 (00000000 00000000 00000000 00000001)

State 4768 file devtable.c function pair_claimed line 655 thread 0
----------------------------------------------------
  dev=1u (00000000 00000000 00000000 00000001)

State 4769 file devtable.c function pair_pending line 645 thread 0
----------------------------------------------------
  r=0 (00000000 00000000 00000000 00000000)

State 4771 file devtable.c function pair_pending line 645 thread 0
----------------------------------------------------
  n=0 (00000000 00000000 00000000 00000000)

State 4772 file devtable.c function pair_pending line 647 thread 0
----------------------------------------------------
  r=0 (00000000 00000000 00000000 00000000)

State 4781 file devtable.c function pair_pending line 648 thread 0
----------------------------------------------------
  n=0 (00000000 00000000 00000000 00000000)

State 4783 file devtable.c function pair_pending line 647 thread 0
----------------------------------------------------
  r=1 (00000000 00000000 00000000 00000001)

State 4793 file devtable.c function pair_pending line 648 thread 0
----------------------------------------------------
  n=0 (00000000 00000000 00000000 00000000)

State 4795 file devtable.c function pair_pending line 647 thread 0
----------------------------------------------------
  r=2 (00000000 00000000 00000000 00000010)

State 4798 file devtable.c function pair_pending line 649 thread 0
----------------------------------------------------
  goto_symex$$return_value$$pair_pending=0 (00000000 00000000 00000000 00000000)

State 4800 file devtable.c function pair_claimed line 655 thread 0
----------------------------------------------------
  return_value_pair_pending=0 (00000000 00000000 00000000 00000000)

State 4816 file devtable.c function pair_claimed line 655 thread 0
----------------------------------------------------
  goto_symex$$return_value$$pair_claimed=0 (00000000 00000000 00000000 00000000)

State 4818 file devtable.c function track_claims line 666 thread 0
----------------------------------------------------
  return_value_pair_claimed=0 (00000000 00000000 00000000 00000000)

State 4819 file devtable.c function track_claims line 666 thread 0
----------------------------------------------------
  now=0 (00000000 00000000 00000000 00000000)

State 4836 file devtable.c function track_claims line 672 thread 0
----------------------------------------------------
  was_claimed[1l][1l]=0 (00000000 00000000 00000000 00000000)

State 4837 file devtable.c function track_claims line 665 thread 0
----------------------------------------------------
  d=2u (00000000 00000000 00000000 00000010)

State 4844 file devtable.c function track_claims line 666 thread 0
----------------------------------------------------
  s=1 (00000000 00000000 00000000 00000001)

State 4845 file devtable.c function track_claims line 666 thread 0
----------------------------------------------------
  d=2u (00000000 00000000 00000000 00000010)

State 4849 file devtable.c function pair_claimed line 655 thread 0
----------------------------------------------------
  s=1 (00000000 00000000 00000000 00000001)

State 4850 file devtable.c function pair_claimed line 655 thread 0
----------------------------------------------------
  dev=2u (00000000 00000000 00000000 00000010)

State 4851 file devtable.c function pair_pending line 645 thread 0
----------------------------------------------------
  r=0 (00000000 00000000 00000000 00000000)

State 4853 file devtable.c function pair_pending line 645 thread 0
----------------------------------------------------
  n=0 (00000000 00000000 00000000 00000000)

State 4854 file devtable.c function pair_pending line 647 thread 0
----------------------------------------------------
  r=0 (00000000 00000000 00000000 00000000)

State 4863 file devtable.c function pair_pending line 648 thread 0
----------------------------------------------------
  n=0 (00000000 00000000 00000000 00000000)

State 4865 file devtable.c function pair_pending line 647 thread 0
----------------------------------------------------
  r=1 (00000000 00000000 00000000 00000001)

State 4875 file devtable.c function pair_pending line 648 thread 0
----------------------------------------------------
  n=0 (00000000 00000000 00000000 00000000)

State 4877 file devtable.c function pair_pending line 647 thread 0
----------------------------------------------------
  r=2 (00000000 00000000 00000000 00000010)

State 4880 file devtable.c function pair_pending line 649 thread 0
----------------------------------------------------
  goto_symex$$return_value$$pair_pending=0 (00000000 00000000 00000000 00000000)

State 4882 file devtable.c function pair_claimed line 655 thread 0
----------------------------------------------------
  return_value_pair_pending=0 (00000000 00000000 00000000 00000000)

State 4898 file devtable.c function pair_claimed line 655 thread 0
----------------------------------------------------
  goto_symex$$return_value$$pair_claimed=0 (00000000 00000000 00000000 00000000)

State 4900 file devtable.c function track_claims line 666 thread 0
----------------------------------------------------
  return_value_pair_claimed=0 (00000000 00000000 00000000 00000000)

State 4901 file devtable.c function track_claims line 666 thread 0
----------------------------------------------------
  now=0 (00000000 00000000 00000000 00000000)

State 4918 file devtable.c function track_claims line 672 thread 0
----------------------------------------------------
  was_claimed[1l][2l]=0 (00000000 00000000 00000000 00000000)

State 4919 file devtable.c function track_claims line 665 thread 0
----------------------------------------------------
  d=3u (00000000 00000000 00000000 00000011)

State 4923 file devtable.c function track_claims line 664 thread 0
----------------------------------------------------
  s=2 (00000000 00000000 00000000 00000010)

State 4929 file devtable.c function check_invariants line 703 thread 0
----------------------------------------------------
  s=0 (00000000 00000000 00000000 00000000)

State 4930 file devtable.c function check_invariants line 703 thread 0
----------------------------------------------------
  i=0 (00000000 00000000 00000000 00000000)

State 4931 file devtable.c function check_invariants line 703 thread 0
----------------------------------------------------
  c=0 (00000000 00000000 00000000 00000000)

State 4932 file devtable.c function check_invariants line 704 thread 0
----------------------------------------------------
  d=0u (00000000 00000000 00000000 00000000)

State 4933 file devtable.c function check_invariants line 706 thread 0
----------------------------------------------------
  c=0 (00000000 00000000 00000000 00000000)

State 4939 file devtable.c function check_invariants line 707 thread 0
----------------------------------------------------
  p=&E2 (00000100 00000000 00000000 00000000 00000000 00000000 00000000 00000000)

State 4940 file devtable.c function check_pin line 684 thread 0
----------------------------------------------------
  sb=((struct super_block *)NULL) (00000000 00000000 00000000 00000000 00000000 00000000 00000000 00000000)

State 4967 file devtable.c function check_pin line 690 thread 0
----------------------------------------------------
  sb=&S0 (00001000 00000000 00000000 00000000 00000000 00000000 00000000 00000000)

State 4986 file devtable.c function check_invariants line 708 thread 0
----------------------------------------------------
  p=((struct super_dev *)NULL) (00000000 00000000 00000000 00000000 00000000 00000000 00000000 00000000)

State 4987 file devtable.c function check_pin line 684 thread 0
----------------------------------------------------
  sb=((struct super_block *)NULL) (00000000 00000000 00000000 00000000 00000000 00000000 00000000 00000000)

State 4992 file devtable.c function check_invariants line 706 thread 0
----------------------------------------------------
  c=1 (00000000 00000000 00000000 00000001)

State 4995 file devtable.c function check_invariants line 711 thread 0
----------------------------------------------------
  i=0 (00000000 00000000 00000000 00000000)

State 5000 file devtable.c function check_invariants line 712 thread 0
----------------------------------------------------
  e=&E0 (00000111 00000000 00000000 00000000 00000000 00000000 00000000 00000000)

State 5070 file devtable.c function check_invariants line 711 thread 0
----------------------------------------------------
  i=1 (00000000 00000000 00000000 00000001)

State 5076 file devtable.c function check_invariants line 712 thread 0
----------------------------------------------------
  e=&E1 (00000101 00000000 00000000 00000000 00000000 00000000 00000000 00000000)

State 5113 file devtable.c function check_invariants line 711 thread 0
----------------------------------------------------
  i=2 (00000000 00000000 00000000 00000010)

State 5119 file devtable.c function check_invariants line 712 thread 0
----------------------------------------------------
  e=&E2 (00000100 00000000 00000000 00000000 00000000 00000000 00000000 00000000)

State 5189 file devtable.c function check_invariants line 711 thread 0
----------------------------------------------------
  i=3 (00000000 00000000 00000000 00000011)

State 5195 file devtable.c function check_invariants line 712 thread 0
----------------------------------------------------
  e=&E3 (00000011 00000000 00000000 00000000 00000000 00000000 00000000 00000000)

State 5205 file devtable.c function check_invariants line 711 thread 0
----------------------------------------------------
  i=4 (00000000 00000000 00000000 00000100)

State 5211 file devtable.c function check_invariants line 712 thread 0
----------------------------------------------------
  e=&E4 (00000010 00000000 00000000 00000000 00000000 00000000 00000000 00000000)

State 5221 file devtable.c function check_invariants line 711 thread 0
----------------------------------------------------
  i=5 (00000000 00000000 00000000 00000101)

State 5224 file devtable.c function check_invariants line 725 thread 0
----------------------------------------------------
  s=0 (00000000 00000000 00000000 00000000)

State 5229 file devtable.c function check_invariants line 726 thread 0
----------------------------------------------------
  sb=&S0 (00001000 00000000 00000000 00000000 00000000 00000000 00000000 00000000)

State 5231 file devtable.c function check_invariants line 727 thread 0
----------------------------------------------------
  rows=0 (00000000 00000000 00000000 00000000)

State 5232 file devtable.c function check_invariants line 727 thread 0
----------------------------------------------------
  base=0 (00000000 00000000 00000000 00000000)

State 5234 file devtable.c function check_invariants line 727 thread 0
----------------------------------------------------
  sleepers=0 (00000000 00000000 00000000 00000000)

State 5248 file devtable.c function check_invariants line 731 thread 0
----------------------------------------------------
  i=0 (00000000 00000000 00000000 00000000)

State 5275 file devtable.c function check_invariants line 732 thread 0
----------------------------------------------------
  rows=1 (00000000 00000000 00000000 00000001)

State 5277 file devtable.c function check_invariants line 731 thread 0
----------------------------------------------------
  i=1 (00000000 00000000 00000000 00000001)

State 5305 file devtable.c function check_invariants line 732 thread 0
----------------------------------------------------
  rows=1 (00000000 00000000 00000000 00000001)

State 5307 file devtable.c function check_invariants line 731 thread 0
----------------------------------------------------
  i=2 (00000000 00000000 00000000 00000010)

State 5335 file devtable.c function check_invariants line 732 thread 0
----------------------------------------------------
  rows=2 (00000000 00000000 00000000 00000010)

State 5337 file devtable.c function check_invariants line 731 thread 0
----------------------------------------------------
  i=3 (00000000 00000000 00000000 00000011)

State 5365 file devtable.c function check_invariants line 732 thread 0
----------------------------------------------------
  rows=2 (00000000 00000000 00000000 00000010)

State 5367 file devtable.c function check_invariants line 731 thread 0
----------------------------------------------------
  i=4 (00000000 00000000 00000000 00000100)

State 5395 file devtable.c function check_invariants line 732 thread 0
----------------------------------------------------
  rows=2 (00000000 00000000 00000000 00000010)

State 5397 file devtable.c function check_invariants line 731 thread 0
----------------------------------------------------
  i=5 (00000000 00000000 00000000 00000101)

State 5400 file devtable.c function check_invariants line 733 thread 0
----------------------------------------------------
  c=0 (00000000 00000000 00000000 00000000)

State 5405 file devtable.c function check_invariants line 734 thread 0
----------------------------------------------------
  sleepers=0 (00000000 00000000 00000000 00000000)

State 5407 file devtable.c function check_invariants line 733 thread 0
----------------------------------------------------
  c=1 (00000000 00000000 00000000 00000001)

State 5416 file devtable.c function check_invariants line 735 thread 0
----------------------------------------------------
  base=1 (00000000 00000000 00000000 00000001)

State 5443 file devtable.c function check_invariants line 743 thread 0
----------------------------------------------------
  d=1u (00000000 00000000 00000000 00000001)

State 5446 file devtable.c function check_invariants line 744 thread 0
----------------------------------------------------
  refs=0 (00000000 00000000 00000000 00000000)

State 5448 file devtable.c function check_invariants line 744 thread 0
----------------------------------------------------
  pins=0 (00000000 00000000 00000000 00000000)

State 5449 file devtable.c function check_invariants line 744 thread 0
----------------------------------------------------
  want=0 (00000000 00000000 00000000 00000000)

State 5450 file devtable.c function check_invariants line 746 thread 0
----------------------------------------------------
  i=0 (00000000 00000000 00000000 00000000)

State 5494 file devtable.c function check_invariants line 748 thread 0
----------------------------------------------------
  refs=1 (00000000 00000000 00000000 00000001)

State 5496 file devtable.c function check_invariants line 746 thread 0
----------------------------------------------------
  i=1 (00000000 00000000 00000000 00000001)

State 5533 file devtable.c function check_invariants line 746 thread 0
----------------------------------------------------
  i=2 (00000000 00000000 00000000 00000010)

State 5570 file devtable.c function check_invariants line 746 thread 0
----------------------------------------------------
  i=3 (00000000 00000000 00000000 00000011)

State 5607 file devtable.c function check_invariants line 746 thread 0
----------------------------------------------------
  i=4 (00000000 00000000 00000000 00000100)

State 5644 file devtable.c function check_invariants line 746 thread 0
----------------------------------------------------
  i=5 (00000000 00000000 00000000 00000101)

State 5647 file devtable.c function check_invariants line 749 thread 0
----------------------------------------------------
  c=0 (00000000 00000000 00000000 00000000)

State 5688 file devtable.c function check_invariants line 749 thread 0
----------------------------------------------------
  c=1 (00000000 00000000 00000000 00000001)

State 5694 file devtable.c function check_invariants line 756 thread 0
----------------------------------------------------
  s=0 (00000000 00000000 00000000 00000000)

State 5695 file devtable.c function check_invariants line 756 thread 0
----------------------------------------------------
  dev=1u (00000000 00000000 00000000 00000001)

State 5696 file devtable.c function pair_pending line 645 thread 0
----------------------------------------------------
  r=0 (00000000 00000000 00000000 00000000)

State 5698 file devtable.c function pair_pending line 645 thread 0
----------------------------------------------------
  n=0 (00000000 00000000 00000000 00000000)

State 5699 file devtable.c function pair_pending line 647 thread 0
----------------------------------------------------
  r=0 (00000000 00000000 00000000 00000000)

State 5708 file devtable.c function pair_pending line 648 thread 0
----------------------------------------------------
  n=0 (00000000 00000000 00000000 00000000)

State 5710 file devtable.c function pair_pending line 647 thread 0
----------------------------------------------------
  r=1 (00000000 00000000 00000000 00000001)

State 5720 file devtable.c function pair_pending line 648 thread 0
----------------------------------------------------
  n=0 (00000000 00000000 00000000 00000000)

State 5722 file devtable.c function pair_pending line 647 thread 0
----------------------------------------------------
  r=2 (00000000 00000000 00000000 00000010)

State 5725 file devtable.c function pair_pending line 649 thread 0
----------------------------------------------------
  goto_symex$$return_value$$pair_pending=0 (00000000 00000000 00000000 00000000)

State 5727 file devtable.c function check_invariants line 756 thread 0
----------------------------------------------------
  return_value_pair_pending=0 (00000000 00000000 00000000 00000000)

State 5742 file devtable.c function check_invariants line 755 thread 0
----------------------------------------------------
  want=1 (00000000 00000000 00000000 00000001)

State 5745 file devtable.c function check_invariants line 743 thread 0
----------------------------------------------------
  d=2u (00000000 00000000 00000000 00000010)

State 5749 file devtable.c function check_invariants line 744 thread 0
----------------------------------------------------
  refs=0 (00000000 00000000 00000000 00000000)

State 5751 file devtable.c function check_invariants line 744 thread 0
----------------------------------------------------
  pins=0 (00000000 00000000 00000000 00000000)

State 5752 file devtable.c function check_invariants line 744 thread 0
----------------------------------------------------
  want=0 (00000000 00000000 00000000 00000000)

State 5753 file devtable.c function check_invariants line 746 thread 0
----------------------------------------------------
  i=0 (00000000 00000000 00000000 00000000)

State 5789 file devtable.c function check_invariants line 746 thread 0
----------------------------------------------------
  i=1 (00000000 00000000 00000000 00000001)

State 5826 file devtable.c function check_invariants line 746 thread 0
----------------------------------------------------
  i=2 (00000000 00000000 00000000 00000010)

State 5871 file devtable.c function check_invariants line 748 thread 0
----------------------------------------------------
  refs=2 (00000000 00000000 00000000 00000010)

State 5873 file devtable.c function check_invariants line 746 thread 0
----------------------------------------------------
  i=3 (00000000 00000000 00000000 00000011)

State 5910 file devtable.c function check_invariants line 746 thread 0
----------------------------------------------------
  i=4 (00000000 00000000 00000000 00000100)

State 5947 file devtable.c function check_invariants line 746 thread 0
----------------------------------------------------
  i=5 (00000000 00000000 00000000 00000101)

State 5950 file devtable.c function check_invariants line 749 thread 0
----------------------------------------------------
  c=0 (00000000 00000000 00000000 00000000)

State 5972 file devtable.c function check_invariants line 751 thread 0
----------------------------------------------------
  pins=1 (00000000 00000000 00000000 00000001)

State 5993 file devtable.c function check_invariants line 749 thread 0
----------------------------------------------------
  c=1 (00000000 00000000 00000000 00000001)

State 5999 file devtable.c function check_invariants line 756 thread 0
----------------------------------------------------
  s=0 (00000000 00000000 00000000 00000000)

State 6000 file devtable.c function check_invariants line 756 thread 0
----------------------------------------------------
  dev=2u (00000000 00000000 00000000 00000010)

State 6001 file devtable.c function pair_pending line 645 thread 0
----------------------------------------------------
  r=0 (00000000 00000000 00000000 00000000)

State 6003 file devtable.c function pair_pending line 645 thread 0
----------------------------------------------------
  n=0 (00000000 00000000 00000000 00000000)

State 6004 file devtable.c function pair_pending line 647 thread 0
----------------------------------------------------
  r=0 (00000000 00000000 00000000 00000000)

State 6013 file devtable.c function pair_pending line 648 thread 0
----------------------------------------------------
  n=1 (00000000 00000000 00000000 00000001)

State 6015 file devtable.c function pair_pending line 647 thread 0
----------------------------------------------------
  r=1 (00000000 00000000 00000000 00000001)

State 6025 file devtable.c function pair_pending line 648 thread 0
----------------------------------------------------
  n=1 (00000000 00000000 00000000 00000001)

State 6027 file devtable.c function pair_pending line 647 thread 0
----------------------------------------------------
  r=2 (00000000 00000000 00000000 00000010)

State 6030 file devtable.c function pair_pending line 649 thread 0
----------------------------------------------------
  goto_symex$$return_value$$pair_pending=1 (00000000 00000000 00000000 00000001)

State 6032 file devtable.c function check_invariants line 756 thread 0
----------------------------------------------------
  return_value_pair_pending=1 (00000000 00000000 00000000 00000001)

State 6047 file devtable.c function check_invariants line 755 thread 0
----------------------------------------------------
  want=2 (00000000 00000000 00000000 00000010)

State 6050 file devtable.c function check_invariants line 743 thread 0
----------------------------------------------------
  d=3u (00000000 00000000 00000000 00000011)

State 6054 file devtable.c function check_invariants line 725 thread 0
----------------------------------------------------
  s=1 (00000000 00000000 00000000 00000001)

State 6060 file devtable.c function check_invariants line 726 thread 0
----------------------------------------------------
  sb=&S1 (00000110 00000000 00000000 00000000 00000000 00000000 00000000 00000000)

State 6062 file devtable.c function check_invariants line 727 thread 0
----------------------------------------------------
  rows=0 (00000000 00000000 00000000 00000000)

State 6063 file devtable.c function check_invariants line 727 thread 0
----------------------------------------------------
  base=0 (00000000 00000000 00000000 00000000)

State 6065 file devtable.c function check_invariants line 727 thread 0
----------------------------------------------------
  sleepers=0 (00000000 00000000 00000000 00000000)

State 6081 file devtable.c function check_invariants line 725 thread 0
----------------------------------------------------
  s=2 (00000000 00000000 00000000 00000010)

State 6086 file devtable.c function main line 800 thread 0
----------------------------------------------------
  step=3 (00000000 00000000 00000000 00000011)

State 6091 file devtable.c function main line 801 thread 0
----------------------------------------------------
  return_value_nondet_int=0 (00000000 00000000 00000000 00000000)

State 6092 file devtable.c function main line 801 thread 0
----------------------------------------------------
  op=0 (00000000 00000000 00000000 00000000)

State 6095 file devtable.c function main line 802 thread 0
----------------------------------------------------
  return_value_nondet_int$0=1 (00000000 00000000 00000000 00000001)

State 6096 file devtable.c function main line 802 thread 0
----------------------------------------------------
  sa=1 (00000000 00000000 00000000 00000001)

State 6099 file devtable.c function main line 803 thread 0
----------------------------------------------------
  return_value_nondet_int$1=2 (00000000 00000000 00000000 00000010)

State 6100 file devtable.c function main line 803 thread 0
----------------------------------------------------
  da=2 (00000000 00000000 00000000 00000010)

State 6103 file devtable.c function main line 804 thread 0
----------------------------------------------------
  return_value_nondet_int$2=16 (00000000 00000000 00000000 00010000)

State 6104 file devtable.c function main line 804 thread 0
----------------------------------------------------
  xa=16 (00000000 00000000 00000000 00010000)

State 6106 file devtable.c function main line 805 thread 0
----------------------------------------------------
  ret=0 (00000000 00000000 00000000 00000000)

State 6107 file devtable.c function main line 806 thread 0
----------------------------------------------------
  sb=((struct super_block *)NULL) (00000000 00000000 00000000 00000000 00000000 00000000 00000000 00000000)

State 6108 file devtable.c function main line 807 thread 0
----------------------------------------------------
  dev=0u (00000000 00000000 00000000 00000000)

Assumption:
  file devtable.c line 809 function main
  op >= 0 && op < 15

Assumption:
  file devtable.c line 810 function main
  sa >= 0 && sa < 2

Assumption:
  file devtable.c line 811 function main
  da >= 1 && da <= 2

State 6114 file devtable.c function main line 812 thread 0
----------------------------------------------------
  sb=&S1 (00000110 00000000 00000000 00000000 00000000 00000000 00000000 00000000)

State 6115 file devtable.c function main line 813 thread 0
----------------------------------------------------
  dev=2u (00000000 00000000 00000000 00000010)

State 6118 file devtable.c function main line 814 thread 0
----------------------------------------------------
  log_op[3l]=0 (00000000 00000000 00000000 00000000)

State 6123 file devtable.c function main line 815 thread 0
----------------------------------------------------
  log_arg[3l]=12 (00000000 00000000 00000000 00001100)

Assumption:
  file devtable.c line 819 function main
  sb->m_state == 0

State 6139 file devtable.c function main line 820 thread 0
----------------------------------------------------
  S1.s_dev=2u (00000000 00000000 00000000 00000010)

State 6142 file devtable.c function main line 821 thread 0
----------------------------------------------------
  sb=&S1 (00000110 00000000 00000000 00000000 00000000 00000000 00000000 00000000)

State 6150 file devtable.c function super_dev_register line 416 thread 0
----------------------------------------------------
  fsd=&E1 (00000101 00000000 00000000 00000000 00000000 00000000 00000000 00000000)

State 6151 file devtable.c function super_dev_register line 417 thread 0
----------------------------------------------------
  err=0 (00000000 00000000 00000000 00000000)

State 6172 file devtable.c function super_dev_register line 423 thread 0
----------------------------------------------------
  E1.sd_dev=2u (00000000 00000000 00000000 00000010)

State 6175 file devtable.c function super_dev_register line 424 thread 0
----------------------------------------------------
  fsd=&E1 (00000101 00000000 00000000 00000000 00000000 00000000 00000000 00000000)

State 6176 file devtable.c function super_dev_insert line 403 thread 0
----------------------------------------------------
  err=0 (00000000 00000000 00000000 00000000)

State 6179 file devtable.c function super_dev_insert line 405 thread 0
----------------------------------------------------
  fsd=&E1 (00000101 00000000 00000000 00000000 00000000 00000000 00000000 00000000)

State 6186 file devtable.c function alloc_fail line 238 thread 0
----------------------------------------------------
  return_value_nondet_bool=FALSE (00000000)

State 6187 file devtable.c function alloc_fail line 238 thread 0
----------------------------------------------------
  tmp_if_expr=FALSE (0)

State 6189 file devtable.c function alloc_fail line 238 thread 0
----------------------------------------------------
  goto_symex$$return_value$$alloc_fail=0 (00000000 00000000 00000000 00000000)

State 6191 file devtable.c function rhltable_insert line 279 thread 0
----------------------------------------------------
  return_value_alloc_fail=0 (00000000 00000000 00000000 00000000)

State 6212 file devtable.c function rhltable_insert line 282 thread 0
----------------------------------------------------
  E1.m_linked=1 (00000000 00000000 00000000 00000001)

State 6216 file devtable.c function rhltable_insert line 283 thread 0
----------------------------------------------------
  seq=3 (00000000 00000000 00000000 00000011)

State 6217 file devtable.c function rhltable_insert line 283 thread 0
----------------------------------------------------
  tmp_if_expr=3 (00000000 00000000 00000000 00000011)

State 6224 file devtable.c function rhltable_insert line 283 thread 0
----------------------------------------------------
  E1.m_seq=3 (00000000 00000000 00000000 00000011)

State 6225 file devtable.c function rhltable_insert line 284 thread 0
----------------------------------------------------
  goto_symex$$return_value$$rhltable_insert=0 (00000000 00000000 00000000 00000000)

State 6227 file devtable.c function super_dev_insert line 405 thread 0
----------------------------------------------------
  err=0 (00000000 00000000 00000000 00000000)

State 6237 file devtable.c function super_dev_insert line 407 thread 0
----------------------------------------------------
  r=&S1.s_passive (00000110 00000000 00000000 00000000 00000000 00000000 00000000 00000000)

State 6246 file devtable.c function refcount_inc line 215 thread 0
----------------------------------------------------
  S1.s_passive=2 (00000000 00000000 00000000 00000010)

State 6254 file devtable.c function super_dev_insert line 408 thread 0
----------------------------------------------------
  E1.m_passive=1 (00000000 00000000 00000000 00000001)

State 6255 file devtable.c function super_dev_insert line 410 thread 0
----------------------------------------------------
  goto_symex$$return_value$$super_dev_insert=0 (00000000 00000000 00000000 00000000)

State 6257 file devtable.c function super_dev_register line 424 thread 0
----------------------------------------------------
  err=0 (00000000 00000000 00000000 00000000)

State 6259 file devtable.c function super_dev_register line 427 thread 0
----------------------------------------------------
  goto_symex$$return_value$$super_dev_register=0 (00000000 00000000 00000000 00000000)

State 6261 file devtable.c function main line 821 thread 0
----------------------------------------------------
  ret=0 (00000000 00000000 00000000 00000000)

State 6265 file devtable.c function main line 831 thread 0
----------------------------------------------------
  sget_claim[1l]=1 (00000000 00000000 00000000 00000001)

State 6266 file devtable.c function main line 831 thread 0
----------------------------------------------------
  sget_claim[0l]=1 (00000000 00000000 00000000 00000001)

State 6267 file devtable.c function main line 831 thread 0
----------------------------------------------------
  sget_claim[1l]=1 (00000000 00000000 00000000 00000001)

State 6274 file devtable.c function main line 832 thread 0
----------------------------------------------------
  S1.m_state=1 (00000000 00000000 00000000 00000001)

State 6278 file devtable.c function main line 1010 thread 0
----------------------------------------------------
  log_ret[3l]=0 (00000000 00000000 00000000 00000000)

State 6281 file devtable.c function track_claims line 661 thread 0
----------------------------------------------------
  s=0 (00000000 00000000 00000000 00000000)

State 6282 file devtable.c function track_claims line 662 thread 0
----------------------------------------------------
  d=0u (00000000 00000000 00000000 00000000)

State 6283 file devtable.c function track_claims line 664 thread 0
----------------------------------------------------
  s=0 (00000000 00000000 00000000 00000000)

State 6285 file devtable.c function track_claims line 665 thread 0
----------------------------------------------------
  d=1u (00000000 00000000 00000000 00000001)

State 6291 file devtable.c function track_claims line 666 thread 0
----------------------------------------------------
  s=0 (00000000 00000000 00000000 00000000)

State 6292 file devtable.c function track_claims line 666 thread 0
----------------------------------------------------
  d=1u (00000000 00000000 00000000 00000001)

State 6296 file devtable.c function pair_claimed line 655 thread 0
----------------------------------------------------
  s=0 (00000000 00000000 00000000 00000000)

State 6297 file devtable.c function pair_claimed line 655 thread 0
----------------------------------------------------
  dev=1u (00000000 00000000 00000000 00000001)

State 6298 file devtable.c function pair_pending line 645 thread 0
----------------------------------------------------
  r=0 (00000000 00000000 00000000 00000000)

State 6300 file devtable.c function pair_pending line 645 thread 0
----------------------------------------------------
  n=0 (00000000 00000000 00000000 00000000)

State 6301 file devtable.c function pair_pending line 647 thread 0
----------------------------------------------------
  r=0 (00000000 00000000 00000000 00000000)

State 6310 file devtable.c function pair_pending line 648 thread 0
----------------------------------------------------
  n=0 (00000000 00000000 00000000 00000000)

State 6312 file devtable.c function pair_pending line 647 thread 0
----------------------------------------------------
  r=1 (00000000 00000000 00000000 00000001)

State 6322 file devtable.c function pair_pending line 648 thread 0
----------------------------------------------------
  n=0 (00000000 00000000 00000000 00000000)

State 6324 file devtable.c function pair_pending line 647 thread 0
----------------------------------------------------
  r=2 (00000000 00000000 00000000 00000010)

State 6327 file devtable.c function pair_pending line 649 thread 0
----------------------------------------------------
  goto_symex$$return_value$$pair_pending=0 (00000000 00000000 00000000 00000000)

State 6329 file devtable.c function pair_claimed line 655 thread 0
----------------------------------------------------
  return_value_pair_pending=0 (00000000 00000000 00000000 00000000)

State 6345 file devtable.c function pair_claimed line 655 thread 0
----------------------------------------------------
  goto_symex$$return_value$$pair_claimed=1 (00000000 00000000 00000000 00000001)

State 6347 file devtable.c function track_claims line 666 thread 0
----------------------------------------------------
  return_value_pair_claimed=1 (00000000 00000000 00000000 00000001)

State 6348 file devtable.c function track_claims line 666 thread 0
----------------------------------------------------
  now=1 (00000000 00000000 00000000 00000001)

State 6353 file devtable.c function track_claims line 669 thread 0
----------------------------------------------------
  unborn_drop[0l][1l]=0 (00000000 00000000 00000000 00000000)

State 6358 file devtable.c function track_claims line 672 thread 0
----------------------------------------------------
  was_claimed[0l][1l]=1 (00000000 00000000 00000000 00000001)

State 6359 file devtable.c function track_claims line 665 thread 0
----------------------------------------------------
  d=2u (00000000 00000000 00000000 00000010)

State 6366 file devtable.c function track_claims line 666 thread 0
----------------------------------------------------
  s=0 (00000000 00000000 00000000 00000000)

State 6367 file devtable.c function track_claims line 666 thread 0
----------------------------------------------------
  d=2u (00000000 00000000 00000000 00000010)

State 6371 file devtable.c function pair_claimed line 655 thread 0
----------------------------------------------------
  s=0 (00000000 00000000 00000000 00000000)

State 6372 file devtable.c function pair_claimed line 655 thread 0
----------------------------------------------------
  dev=2u (00000000 00000000 00000000 00000010)

State 6373 file devtable.c function pair_pending line 645 thread 0
----------------------------------------------------
  r=0 (00000000 00000000 00000000 00000000)

State 6375 file devtable.c function pair_pending line 645 thread 0
----------------------------------------------------
  n=0 (00000000 00000000 00000000 00000000)

State 6376 file devtable.c function pair_pending line 647 thread 0
----------------------------------------------------
  r=0 (00000000 00000000 00000000 00000000)

State 6385 file devtable.c function pair_pending line 648 thread 0
----------------------------------------------------
  n=1 (00000000 00000000 00000000 00000001)

State 6387 file devtable.c function pair_pending line 647 thread 0
----------------------------------------------------
  r=1 (00000000 00000000 00000000 00000001)

State 6397 file devtable.c function pair_pending line 648 thread 0
----------------------------------------------------
  n=1 (00000000 00000000 00000000 00000001)

State 6399 file devtable.c function pair_pending line 647 thread 0
----------------------------------------------------
  r=2 (00000000 00000000 00000000 00000010)

State 6402 file devtable.c function pair_pending line 649 thread 0
----------------------------------------------------
  goto_symex$$return_value$$pair_pending=1 (00000000 00000000 00000000 00000001)

State 6404 file devtable.c function pair_claimed line 655 thread 0
----------------------------------------------------
  return_value_pair_pending=1 (00000000 00000000 00000000 00000001)

State 6420 file devtable.c function pair_claimed line 655 thread 0
----------------------------------------------------
  goto_symex$$return_value$$pair_claimed=1 (00000000 00000000 00000000 00000001)

State 6422 file devtable.c function track_claims line 666 thread 0
----------------------------------------------------
  return_value_pair_claimed=1 (00000000 00000000 00000000 00000001)

State 6423 file devtable.c function track_claims line 666 thread 0
----------------------------------------------------
  now=1 (00000000 00000000 00000000 00000001)

State 6428 file devtable.c function track_claims line 669 thread 0
----------------------------------------------------
  unborn_drop[0l][2l]=0 (00000000 00000000 00000000 00000000)

State 6433 file devtable.c function track_claims line 672 thread 0
----------------------------------------------------
  was_claimed[0l][2l]=1 (00000000 00000000 00000000 00000001)

State 6434 file devtable.c function track_claims line 665 thread 0
----------------------------------------------------
  d=3u (00000000 00000000 00000000 00000011)

State 6438 file devtable.c function track_claims line 664 thread 0
----------------------------------------------------
  s=1 (00000000 00000000 00000000 00000001)

State 6441 file devtable.c function track_claims line 665 thread 0
----------------------------------------------------
  d=1u (00000000 00000000 00000000 00000001)

State 6447 file devtable.c function track_claims line 666 thread 0
----------------------------------------------------
  s=1 (00000000 00000000 00000000 00000001)

State 6448 file devtable.c function track_claims line 666 thread 0
----------------------------------------------------
  d=1u (00000000 00000000 00000000 00000001)

State 6452 file devtable.c function pair_claimed line 655 thread 0
----------------------------------------------------
  s=1 (00000000 00000000 00000000 00000001)

State 6453 file devtable.c function pair_claimed line 655 thread 0
----------------------------------------------------
  dev=1u (00000000 00000000 00000000 00000001)

State 6454 file devtable.c function pair_pending line 645 thread 0
----------------------------------------------------
  r=0 (00000000 00000000 00000000 00000000)

State 6456 file devtable.c function pair_pending line 645 thread 0
----------------------------------------------------
  n=0 (00000000 00000000 00000000 00000000)

State 6457 file devtable.c function pair_pending line 647 thread 0
----------------------------------------------------
  r=0 (00000000 00000000 00000000 00000000)

State 6466 file devtable.c function pair_pending line 648 thread 0
----------------------------------------------------
  n=0 (00000000 00000000 00000000 00000000)

State 6468 file devtable.c function pair_pending line 647 thread 0
----------------------------------------------------
  r=1 (00000000 00000000 00000000 00000001)

State 6478 file devtable.c function pair_pending line 648 thread 0
----------------------------------------------------
  n=0 (00000000 00000000 00000000 00000000)

State 6480 file devtable.c function pair_pending line 647 thread 0
----------------------------------------------------
  r=2 (00000000 00000000 00000000 00000010)

State 6483 file devtable.c function pair_pending line 649 thread 0
----------------------------------------------------
  goto_symex$$return_value$$pair_pending=0 (00000000 00000000 00000000 00000000)

State 6485 file devtable.c function pair_claimed line 655 thread 0
----------------------------------------------------
  return_value_pair_pending=0 (00000000 00000000 00000000 00000000)

State 6501 file devtable.c function pair_claimed line 655 thread 0
----------------------------------------------------
  goto_symex$$return_value$$pair_claimed=0 (00000000 00000000 00000000 00000000)

State 6503 file devtable.c function track_claims line 666 thread 0
----------------------------------------------------
  return_value_pair_claimed=0 (00000000 00000000 00000000 00000000)

State 6504 file devtable.c function track_claims line 666 thread 0
----------------------------------------------------
  now=0 (00000000 00000000 00000000 00000000)

State 6521 file devtable.c function track_claims line 672 thread 0
----------------------------------------------------
  was_claimed[1l][1l]=0 (00000000 00000000 00000000 00000000)

State 6522 file devtable.c function track_claims line 665 thread 0
----------------------------------------------------
  d=2u (00000000 00000000 00000000 00000010)

State 6529 file devtable.c function track_claims line 666 thread 0
----------------------------------------------------
  s=1 (00000000 00000000 00000000 00000001)

State 6530 file devtable.c function track_claims line 666 thread 0
----------------------------------------------------
  d=2u (00000000 00000000 00000000 00000010)

State 6534 file devtable.c function pair_claimed line 655 thread 0
----------------------------------------------------
  s=1 (00000000 00000000 00000000 00000001)

State 6535 file devtable.c function pair_claimed line 655 thread 0
----------------------------------------------------
  dev=2u (00000000 00000000 00000000 00000010)

State 6536 file devtable.c function pair_pending line 645 thread 0
----------------------------------------------------
  r=0 (00000000 00000000 00000000 00000000)

State 6538 file devtable.c function pair_pending line 645 thread 0
----------------------------------------------------
  n=0 (00000000 00000000 00000000 00000000)

State 6539 file devtable.c function pair_pending line 647 thread 0
----------------------------------------------------
  r=0 (00000000 00000000 00000000 00000000)

State 6548 file devtable.c function pair_pending line 648 thread 0
----------------------------------------------------
  n=0 (00000000 00000000 00000000 00000000)

State 6550 file devtable.c function pair_pending line 647 thread 0
----------------------------------------------------
  r=1 (00000000 00000000 00000000 00000001)

State 6560 file devtable.c function pair_pending line 648 thread 0
----------------------------------------------------
  n=0 (00000000 00000000 00000000 00000000)

State 6562 file devtable.c function pair_pending line 647 thread 0
----------------------------------------------------
  r=2 (00000000 00000000 00000000 00000010)

State 6565 file devtable.c function pair_pending line 649 thread 0
----------------------------------------------------
  goto_symex$$return_value$$pair_pending=0 (00000000 00000000 00000000 00000000)

State 6567 file devtable.c function pair_claimed line 655 thread 0
----------------------------------------------------
  return_value_pair_pending=0 (00000000 00000000 00000000 00000000)

State 6583 file devtable.c function pair_claimed line 655 thread 0
----------------------------------------------------
  goto_symex$$return_value$$pair_claimed=1 (00000000 00000000 00000000 00000001)

State 6585 file devtable.c function track_claims line 666 thread 0
----------------------------------------------------
  return_value_pair_claimed=1 (00000000 00000000 00000000 00000001)

State 6586 file devtable.c function track_claims line 666 thread 0
----------------------------------------------------
  now=1 (00000000 00000000 00000000 00000001)

State 6591 file devtable.c function track_claims line 669 thread 0
----------------------------------------------------
  unborn_drop[1l][2l]=0 (00000000 00000000 00000000 00000000)

State 6596 file devtable.c function track_claims line 672 thread 0
----------------------------------------------------
  was_claimed[1l][2l]=1 (00000000 00000000 00000000 00000001)

State 6597 file devtable.c function track_claims line 665 thread 0
----------------------------------------------------
  d=3u (00000000 00000000 00000000 00000011)

State 6601 file devtable.c function track_claims line 664 thread 0
----------------------------------------------------
  s=2 (00000000 00000000 00000000 00000010)

State 6607 file devtable.c function check_invariants line 703 thread 0
----------------------------------------------------
  s=0 (00000000 00000000 00000000 00000000)

State 6608 file devtable.c function check_invariants line 703 thread 0
----------------------------------------------------
  i=0 (00000000 00000000 00000000 00000000)

State 6609 file devtable.c function check_invariants line 703 thread 0
----------------------------------------------------
  c=0 (00000000 00000000 00000000 00000000)

State 6610 file devtable.c function check_invariants line 704 thread 0
----------------------------------------------------
  d=0u (00000000 00000000 00000000 00000000)

State 6611 file devtable.c function check_invariants line 706 thread 0
----------------------------------------------------
  c=0 (00000000 00000000 00000000 00000000)

State 6617 file devtable.c function check_invariants line 707 thread 0
----------------------------------------------------
  p=&E2 (00000100 00000000 00000000 00000000 00000000 00000000 00000000 00000000)

State 6618 file devtable.c function check_pin line 684 thread 0
----------------------------------------------------
  sb=((struct super_block *)NULL) (00000000 00000000 00000000 00000000 00000000 00000000 00000000 00000000)

State 6645 file devtable.c function check_pin line 690 thread 0
----------------------------------------------------
  sb=&S0 (00001000 00000000 00000000 00000000 00000000 00000000 00000000 00000000)

State 6664 file devtable.c function check_invariants line 708 thread 0
----------------------------------------------------
  p=((struct super_dev *)NULL) (00000000 00000000 00000000 00000000 00000000 00000000 00000000 00000000)

State 6665 file devtable.c function check_pin line 684 thread 0
----------------------------------------------------
  sb=((struct super_block *)NULL) (00000000 00000000 00000000 00000000 00000000 00000000 00000000 00000000)

State 6670 file devtable.c function check_invariants line 706 thread 0
----------------------------------------------------
  c=1 (00000000 00000000 00000000 00000001)

State 6673 file devtable.c function check_invariants line 711 thread 0
----------------------------------------------------
  i=0 (00000000 00000000 00000000 00000000)

State 6678 file devtable.c function check_invariants line 712 thread 0
----------------------------------------------------
  e=&E0 (00000111 00000000 00000000 00000000 00000000 00000000 00000000 00000000)

State 6748 file devtable.c function check_invariants line 711 thread 0
----------------------------------------------------
  i=1 (00000000 00000000 00000000 00000001)

State 6754 file devtable.c function check_invariants line 712 thread 0
----------------------------------------------------
  e=&E1 (00000101 00000000 00000000 00000000 00000000 00000000 00000000 00000000)

State 6824 file devtable.c function check_invariants line 711 thread 0
----------------------------------------------------
  i=2 (00000000 00000000 00000000 00000010)

State 6830 file devtable.c function check_invariants line 712 thread 0
----------------------------------------------------
  e=&E2 (00000100 00000000 00000000 00000000 00000000 00000000 00000000 00000000)

State 6900 file devtable.c function check_invariants line 711 thread 0
----------------------------------------------------
  i=3 (00000000 00000000 00000000 00000011)

State 6906 file devtable.c function check_invariants line 712 thread 0
----------------------------------------------------
  e=&E3 (00000011 00000000 00000000 00000000 00000000 00000000 00000000 00000000)

State 6916 file devtable.c function check_invariants line 711 thread 0
----------------------------------------------------
  i=4 (00000000 00000000 00000000 00000100)

State 6922 file devtable.c function check_invariants line 712 thread 0
----------------------------------------------------
  e=&E4 (00000010 00000000 00000000 00000000 00000000 00000000 00000000 00000000)

State 6932 file devtable.c function check_invariants line 711 thread 0
----------------------------------------------------
  i=5 (00000000 00000000 00000000 00000101)

State 6935 file devtable.c function check_invariants line 725 thread 0
----------------------------------------------------
  s=0 (00000000 00000000 00000000 00000000)

State 6940 file devtable.c function check_invariants line 726 thread 0
----------------------------------------------------
  sb=&S0 (00001000 00000000 00000000 00000000 00000000 00000000 00000000 00000000)

State 6942 file devtable.c function check_invariants line 727 thread 0
----------------------------------------------------
  rows=0 (00000000 00000000 00000000 00000000)

State 6943 file devtable.c function check_invariants line 727 thread 0
----------------------------------------------------
  base=0 (00000000 00000000 00000000 00000000)

State 6945 file devtable.c function check_invariants line 727 thread 0
----------------------------------------------------
  sleepers=0 (00000000 00000000 00000000 00000000)

State 6959 file devtable.c function check_invariants line 731 thread 0
----------------------------------------------------
  i=0 (00000000 00000000 00000000 00000000)

State 6986 file devtable.c function check_invariants line 732 thread 0
----------------------------------------------------
  rows=1 (00000000 00000000 00000000 00000001)

State 6988 file devtable.c function check_invariants line 731 thread 0
----------------------------------------------------
  i=1 (00000000 00000000 00000000 00000001)

State 7016 file devtable.c function check_invariants line 732 thread 0
----------------------------------------------------
  rows=1 (00000000 00000000 00000000 00000001)

State 7018 file devtable.c function check_invariants line 731 thread 0
----------------------------------------------------
  i=2 (00000000 00000000 00000000 00000010)

State 7046 file devtable.c function check_invariants line 732 thread 0
----------------------------------------------------
  rows=2 (00000000 00000000 00000000 00000010)

State 7048 file devtable.c function check_invariants line 731 thread 0
----------------------------------------------------
  i=3 (00000000 00000000 00000000 00000011)

State 7076 file devtable.c function check_invariants line 732 thread 0
----------------------------------------------------
  rows=2 (00000000 00000000 00000000 00000010)

State 7078 file devtable.c function check_invariants line 731 thread 0
----------------------------------------------------
  i=4 (00000000 00000000 00000000 00000100)

State 7106 file devtable.c function check_invariants line 732 thread 0
----------------------------------------------------
  rows=2 (00000000 00000000 00000000 00000010)

State 7108 file devtable.c function check_invariants line 731 thread 0
----------------------------------------------------
  i=5 (00000000 00000000 00000000 00000101)

State 7111 file devtable.c function check_invariants line 733 thread 0
----------------------------------------------------
  c=0 (00000000 00000000 00000000 00000000)

State 7116 file devtable.c function check_invariants line 734 thread 0
----------------------------------------------------
  sleepers=0 (00000000 00000000 00000000 00000000)

State 7118 file devtable.c function check_invariants line 733 thread 0
----------------------------------------------------
  c=1 (00000000 00000000 00000000 00000001)

State 7127 file devtable.c function check_invariants line 735 thread 0
----------------------------------------------------
  base=1 (00000000 00000000 00000000 00000001)

State 7154 file devtable.c function check_invariants line 743 thread 0
----------------------------------------------------
  d=1u (00000000 00000000 00000000 00000001)

State 7157 file devtable.c function check_invariants line 744 thread 0
----------------------------------------------------
  refs=0 (00000000 00000000 00000000 00000000)

State 7159 file devtable.c function check_invariants line 744 thread 0
----------------------------------------------------
  pins=0 (00000000 00000000 00000000 00000000)

State 7160 file devtable.c function check_invariants line 744 thread 0
----------------------------------------------------
  want=0 (00000000 00000000 00000000 00000000)

State 7161 file devtable.c function check_invariants line 746 thread 0
----------------------------------------------------
  i=0 (00000000 00000000 00000000 00000000)

State 7205 file devtable.c function check_invariants line 748 thread 0
----------------------------------------------------
  refs=1 (00000000 00000000 00000000 00000001)

State 7207 file devtable.c function check_invariants line 746 thread 0
----------------------------------------------------
  i=1 (00000000 00000000 00000000 00000001)

State 7244 file devtable.c function check_invariants line 746 thread 0
----------------------------------------------------
  i=2 (00000000 00000000 00000000 00000010)

State 7281 file devtable.c function check_invariants line 746 thread 0
----------------------------------------------------
  i=3 (00000000 00000000 00000000 00000011)

State 7318 file devtable.c function check_invariants line 746 thread 0
----------------------------------------------------
  i=4 (00000000 00000000 00000000 00000100)

State 7355 file devtable.c function check_invariants line 746 thread 0
----------------------------------------------------
  i=5 (00000000 00000000 00000000 00000101)

State 7358 file devtable.c function check_invariants line 749 thread 0
----------------------------------------------------
  c=0 (00000000 00000000 00000000 00000000)

State 7399 file devtable.c function check_invariants line 749 thread 0
----------------------------------------------------
  c=1 (00000000 00000000 00000000 00000001)

State 7405 file devtable.c function check_invariants line 756 thread 0
----------------------------------------------------
  s=0 (00000000 00000000 00000000 00000000)

State 7406 file devtable.c function check_invariants line 756 thread 0
----------------------------------------------------
  dev=1u (00000000 00000000 00000000 00000001)

State 7407 file devtable.c function pair_pending line 645 thread 0
----------------------------------------------------
  r=0 (00000000 00000000 00000000 00000000)

State 7409 file devtable.c function pair_pending line 645 thread 0
----------------------------------------------------
  n=0 (00000000 00000000 00000000 00000000)

State 7410 file devtable.c function pair_pending line 647 thread 0
----------------------------------------------------
  r=0 (00000000 00000000 00000000 00000000)

State 7419 file devtable.c function pair_pending line 648 thread 0
----------------------------------------------------
  n=0 (00000000 00000000 00000000 00000000)

State 7421 file devtable.c function pair_pending line 647 thread 0
----------------------------------------------------
  r=1 (00000000 00000000 00000000 00000001)

State 7431 file devtable.c function pair_pending line 648 thread 0
----------------------------------------------------
  n=0 (00000000 00000000 00000000 00000000)

State 7433 file devtable.c function pair_pending line 647 thread 0
----------------------------------------------------
  r=2 (00000000 00000000 00000000 00000010)

State 7436 file devtable.c function pair_pending line 649 thread 0
----------------------------------------------------
  goto_symex$$return_value$$pair_pending=0 (00000000 00000000 00000000 00000000)

State 7438 file devtable.c function check_invariants line 756 thread 0
----------------------------------------------------
  return_value_pair_pending=0 (00000000 00000000 00000000 00000000)

State 7453 file devtable.c function check_invariants line 755 thread 0
----------------------------------------------------
  want=1 (00000000 00000000 00000000 00000001)

State 7456 file devtable.c function check_invariants line 743 thread 0
----------------------------------------------------
  d=2u (00000000 00000000 00000000 00000010)

State 7460 file devtable.c function check_invariants line 744 thread 0
----------------------------------------------------
  refs=0 (00000000 00000000 00000000 00000000)

State 7462 file devtable.c function check_invariants line 744 thread 0
----------------------------------------------------
  pins=0 (00000000 00000000 00000000 00000000)

State 7463 file devtable.c function check_invariants line 744 thread 0
----------------------------------------------------
  want=0 (00000000 00000000 00000000 00000000)

State 7464 file devtable.c function check_invariants line 746 thread 0
----------------------------------------------------
  i=0 (00000000 00000000 00000000 00000000)

State 7500 file devtable.c function check_invariants line 746 thread 0
----------------------------------------------------
  i=1 (00000000 00000000 00000000 00000001)

State 7537 file devtable.c function check_invariants line 746 thread 0
----------------------------------------------------
  i=2 (00000000 00000000 00000000 00000010)

State 7582 file devtable.c function check_invariants line 748 thread 0
----------------------------------------------------
  refs=2 (00000000 00000000 00000000 00000010)

State 7584 file devtable.c function check_invariants line 746 thread 0
----------------------------------------------------
  i=3 (00000000 00000000 00000000 00000011)

State 7621 file devtable.c function check_invariants line 746 thread 0
----------------------------------------------------
  i=4 (00000000 00000000 00000000 00000100)

State 7658 file devtable.c function check_invariants line 746 thread 0
----------------------------------------------------
  i=5 (00000000 00000000 00000000 00000101)

State 7661 file devtable.c function check_invariants line 749 thread 0
----------------------------------------------------
  c=0 (00000000 00000000 00000000 00000000)

State 7683 file devtable.c function check_invariants line 751 thread 0
----------------------------------------------------
  pins=1 (00000000 00000000 00000000 00000001)

State 7704 file devtable.c function check_invariants line 749 thread 0
----------------------------------------------------
  c=1 (00000000 00000000 00000000 00000001)

State 7710 file devtable.c function check_invariants line 756 thread 0
----------------------------------------------------
  s=0 (00000000 00000000 00000000 00000000)

State 7711 file devtable.c function check_invariants line 756 thread 0
----------------------------------------------------
  dev=2u (00000000 00000000 00000000 00000010)

State 7712 file devtable.c function pair_pending line 645 thread 0
----------------------------------------------------
  r=0 (00000000 00000000 00000000 00000000)

State 7714 file devtable.c function pair_pending line 645 thread 0
----------------------------------------------------
  n=0 (00000000 00000000 00000000 00000000)

State 7715 file devtable.c function pair_pending line 647 thread 0
----------------------------------------------------
  r=0 (00000000 00000000 00000000 00000000)

State 7724 file devtable.c function pair_pending line 648 thread 0
----------------------------------------------------
  n=1 (00000000 00000000 00000000 00000001)

State 7726 file devtable.c function pair_pending line 647 thread 0
----------------------------------------------------
  r=1 (00000000 00000000 00000000 00000001)

State 7736 file devtable.c function pair_pending line 648 thread 0
----------------------------------------------------
  n=1 (00000000 00000000 00000000 00000001)

State 7738 file devtable.c function pair_pending line 647 thread 0
----------------------------------------------------
  r=2 (00000000 00000000 00000000 00000010)

State 7741 file devtable.c function pair_pending line 649 thread 0
----------------------------------------------------
  goto_symex$$return_value$$pair_pending=1 (00000000 00000000 00000000 00000001)

State 7743 file devtable.c function check_invariants line 756 thread 0
----------------------------------------------------
  return_value_pair_pending=1 (00000000 00000000 00000000 00000001)

State 7758 file devtable.c function check_invariants line 755 thread 0
----------------------------------------------------
  want=2 (00000000 00000000 00000000 00000010)

State 7761 file devtable.c function check_invariants line 743 thread 0
----------------------------------------------------
  d=3u (00000000 00000000 00000000 00000011)

State 7765 file devtable.c function check_invariants line 725 thread 0
----------------------------------------------------
  s=1 (00000000 00000000 00000000 00000001)

State 7771 file devtable.c function check_invariants line 726 thread 0
----------------------------------------------------
  sb=&S1 (00000110 00000000 00000000 00000000 00000000 00000000 00000000 00000000)

State 7773 file devtable.c function check_invariants line 727 thread 0
----------------------------------------------------
  rows=0 (00000000 00000000 00000000 00000000)

State 7774 file devtable.c function check_invariants line 727 thread 0
----------------------------------------------------
  base=0 (00000000 00000000 00000000 00000000)

State 7776 file devtable.c function check_invariants line 727 thread 0
----------------------------------------------------
  sleepers=0 (00000000 00000000 00000000 00000000)

State 7790 file devtable.c function check_invariants line 731 thread 0
----------------------------------------------------
  i=0 (00000000 00000000 00000000 00000000)

State 7817 file devtable.c function check_invariants line 732 thread 0
----------------------------------------------------
  rows=0 (00000000 00000000 00000000 00000000)

State 7819 file devtable.c function check_invariants line 731 thread 0
----------------------------------------------------
  i=1 (00000000 00000000 00000000 00000001)

State 7847 file devtable.c function check_invariants line 732 thread 0
----------------------------------------------------
  rows=1 (00000000 00000000 00000000 00000001)

State 7849 file devtable.c function check_invariants line 731 thread 0
----------------------------------------------------
  i=2 (00000000 00000000 00000000 00000010)

State 7877 file devtable.c function check_invariants line 732 thread 0
----------------------------------------------------
  rows=1 (00000000 00000000 00000000 00000001)

State 7879 file devtable.c function check_invariants line 731 thread 0
----------------------------------------------------
  i=3 (00000000 00000000 00000000 00000011)

State 7907 file devtable.c function check_invariants line 732 thread 0
----------------------------------------------------
  rows=1 (00000000 00000000 00000000 00000001)

State 7909 file devtable.c function check_invariants line 731 thread 0
----------------------------------------------------
  i=4 (00000000 00000000 00000000 00000100)

State 7937 file devtable.c function check_invariants line 732 thread 0
----------------------------------------------------
  rows=1 (00000000 00000000 00000000 00000001)

State 7939 file devtable.c function check_invariants line 731 thread 0
----------------------------------------------------
  i=5 (00000000 00000000 00000000 00000101)

State 7942 file devtable.c function check_invariants line 733 thread 0
----------------------------------------------------
  c=0 (00000000 00000000 00000000 00000000)

State 7947 file devtable.c function check_invariants line 734 thread 0
----------------------------------------------------
  sleepers=0 (00000000 00000000 00000000 00000000)

State 7949 file devtable.c function check_invariants line 733 thread 0
----------------------------------------------------
  c=1 (00000000 00000000 00000000 00000001)

State 7958 file devtable.c function check_invariants line 735 thread 0
----------------------------------------------------
  base=1 (00000000 00000000 00000000 00000001)

State 7985 file devtable.c function check_invariants line 743 thread 0
----------------------------------------------------
  d=1u (00000000 00000000 00000000 00000001)

State 7988 file devtable.c function check_invariants line 744 thread 0
----------------------------------------------------
  refs=0 (00000000 00000000 00000000 00000000)

State 7990 file devtable.c function check_invariants line 744 thread 0
----------------------------------------------------
  pins=0 (00000000 00000000 00000000 00000000)

State 7991 file devtable.c function check_invariants line 744 thread 0
----------------------------------------------------
  want=0 (00000000 00000000 00000000 00000000)

State 7992 file devtable.c function check_invariants line 746 thread 0
----------------------------------------------------
  i=0 (00000000 00000000 00000000 00000000)

State 8028 file devtable.c function check_invariants line 746 thread 0
----------------------------------------------------
  i=1 (00000000 00000000 00000000 00000001)

State 8065 file devtable.c function check_invariants line 746 thread 0
----------------------------------------------------
  i=2 (00000000 00000000 00000000 00000010)

State 8102 file devtable.c function check_invariants line 746 thread 0
----------------------------------------------------
  i=3 (00000000 00000000 00000000 00000011)

State 8139 file devtable.c function check_invariants line 746 thread 0
----------------------------------------------------
  i=4 (00000000 00000000 00000000 00000100)

State 8176 file devtable.c function check_invariants line 746 thread 0
----------------------------------------------------
  i=5 (00000000 00000000 00000000 00000101)

State 8179 file devtable.c function check_invariants line 749 thread 0
----------------------------------------------------
  c=0 (00000000 00000000 00000000 00000000)

State 8220 file devtable.c function check_invariants line 749 thread 0
----------------------------------------------------
  c=1 (00000000 00000000 00000000 00000001)

State 8226 file devtable.c function check_invariants line 756 thread 0
----------------------------------------------------
  s=1 (00000000 00000000 00000000 00000001)

State 8227 file devtable.c function check_invariants line 756 thread 0
----------------------------------------------------
  dev=1u (00000000 00000000 00000000 00000001)

State 8228 file devtable.c function pair_pending line 645 thread 0
----------------------------------------------------
  r=0 (00000000 00000000 00000000 00000000)

State 8230 file devtable.c function pair_pending line 645 thread 0
----------------------------------------------------
  n=0 (00000000 00000000 00000000 00000000)

State 8231 file devtable.c function pair_pending line 647 thread 0
----------------------------------------------------
  r=0 (00000000 00000000 00000000 00000000)

State 8240 file devtable.c function pair_pending line 648 thread 0
----------------------------------------------------
  n=0 (00000000 00000000 00000000 00000000)

State 8242 file devtable.c function pair_pending line 647 thread 0
----------------------------------------------------
  r=1 (00000000 00000000 00000000 00000001)

State 8252 file devtable.c function pair_pending line 648 thread 0
----------------------------------------------------
  n=0 (00000000 00000000 00000000 00000000)

State 8254 file devtable.c function pair_pending line 647 thread 0
----------------------------------------------------
  r=2 (00000000 00000000 00000000 00000010)

State 8257 file devtable.c function pair_pending line 649 thread 0
----------------------------------------------------
  goto_symex$$return_value$$pair_pending=0 (00000000 00000000 00000000 00000000)

State 8259 file devtable.c function check_invariants line 756 thread 0
----------------------------------------------------
  return_value_pair_pending=0 (00000000 00000000 00000000 00000000)

State 8274 file devtable.c function check_invariants line 755 thread 0
----------------------------------------------------
  want=0 (00000000 00000000 00000000 00000000)

State 8277 file devtable.c function check_invariants line 743 thread 0
----------------------------------------------------
  d=2u (00000000 00000000 00000000 00000010)

State 8281 file devtable.c function check_invariants line 744 thread 0
----------------------------------------------------
  refs=0 (00000000 00000000 00000000 00000000)

State 8283 file devtable.c function check_invariants line 744 thread 0
----------------------------------------------------
  pins=0 (00000000 00000000 00000000 00000000)

State 8284 file devtable.c function check_invariants line 744 thread 0
----------------------------------------------------
  want=0 (00000000 00000000 00000000 00000000)

State 8285 file devtable.c function check_invariants line 746 thread 0
----------------------------------------------------
  i=0 (00000000 00000000 00000000 00000000)

State 8321 file devtable.c function check_invariants line 746 thread 0
----------------------------------------------------
  i=1 (00000000 00000000 00000000 00000001)

State 8366 file devtable.c function check_invariants line 748 thread 0
----------------------------------------------------
  refs=1 (00000000 00000000 00000000 00000001)

State 8368 file devtable.c function check_invariants line 746 thread 0
----------------------------------------------------
  i=2 (00000000 00000000 00000000 00000010)

State 8405 file devtable.c function check_invariants line 746 thread 0
----------------------------------------------------
  i=3 (00000000 00000000 00000000 00000011)

State 8442 file devtable.c function check_invariants line 746 thread 0
----------------------------------------------------
  i=4 (00000000 00000000 00000000 00000100)

State 8479 file devtable.c function check_invariants line 746 thread 0
----------------------------------------------------
  i=5 (00000000 00000000 00000000 00000101)

State 8482 file devtable.c function check_invariants line 749 thread 0
----------------------------------------------------
  c=0 (00000000 00000000 00000000 00000000)

State 8523 file devtable.c function check_invariants line 749 thread 0
----------------------------------------------------
  c=1 (00000000 00000000 00000000 00000001)

State 8529 file devtable.c function check_invariants line 756 thread 0
----------------------------------------------------
  s=1 (00000000 00000000 00000000 00000001)

State 8530 file devtable.c function check_invariants line 756 thread 0
----------------------------------------------------
  dev=2u (00000000 00000000 00000000 00000010)

State 8531 file devtable.c function pair_pending line 645 thread 0
----------------------------------------------------
  r=0 (00000000 00000000 00000000 00000000)

State 8533 file devtable.c function pair_pending line 645 thread 0
----------------------------------------------------
  n=0 (00000000 00000000 00000000 00000000)

State 8534 file devtable.c function pair_pending line 647 thread 0
----------------------------------------------------
  r=0 (00000000 00000000 00000000 00000000)

State 8543 file devtable.c function pair_pending line 648 thread 0
----------------------------------------------------
  n=0 (00000000 00000000 00000000 00000000)

State 8545 file devtable.c function pair_pending line 647 thread 0
----------------------------------------------------
  r=1 (00000000 00000000 00000000 00000001)

State 8555 file devtable.c function pair_pending line 648 thread 0
----------------------------------------------------
  n=0 (00000000 00000000 00000000 00000000)

State 8557 file devtable.c function pair_pending line 647 thread 0
----------------------------------------------------
  r=2 (00000000 00000000 00000000 00000010)

State 8560 file devtable.c function pair_pending line 649 thread 0
----------------------------------------------------
  goto_symex$$return_value$$pair_pending=0 (00000000 00000000 00000000 00000000)

State 8562 file devtable.c function check_invariants line 756 thread 0
----------------------------------------------------
  return_value_pair_pending=0 (00000000 00000000 00000000 00000000)

State 8577 file devtable.c function check_invariants line 755 thread 0
----------------------------------------------------
  want=1 (00000000 00000000 00000000 00000001)

State 8580 file devtable.c function check_invariants line 743 thread 0
----------------------------------------------------
  d=3u (00000000 00000000 00000000 00000011)

State 8584 file devtable.c function check_invariants line 725 thread 0
----------------------------------------------------
  s=2 (00000000 00000000 00000000 00000010)

State 8589 file devtable.c function main line 800 thread 0
----------------------------------------------------
  step=4 (00000000 00000000 00000000 00000100)

State 8594 file devtable.c function main line 801 thread 0
----------------------------------------------------
  return_value_nondet_int=3 (00000000 00000000 00000000 00000011)

State 8595 file devtable.c function main line 801 thread 0
----------------------------------------------------
  op=3 (00000000 00000000 00000000 00000011)

State 8598 file devtable.c function main line 802 thread 0
----------------------------------------------------
  return_value_nondet_int$0=1 (00000000 00000000 00000000 00000001)

State 8599 file devtable.c function main line 802 thread 0
----------------------------------------------------
  sa=1 (00000000 00000000 00000000 00000001)

State 8602 file devtable.c function main line 803 thread 0
----------------------------------------------------
  return_value_nondet_int$1=1 (00000000 00000000 00000000 00000001)

State 8603 file devtable.c function main line 803 thread 0
----------------------------------------------------
  da=1 (00000000 00000000 00000000 00000001)

State 8606 file devtable.c function main line 804 thread 0
----------------------------------------------------
  return_value_nondet_int$2=2048 (00000000 00000000 00001000 00000000)

State 8607 file devtable.c function main line 804 thread 0
----------------------------------------------------
  xa=2048 (00000000 00000000 00001000 00000000)

State 8609 file devtable.c function main line 805 thread 0
----------------------------------------------------
  ret=0 (00000000 00000000 00000000 00000000)

State 8610 file devtable.c function main line 806 thread 0
----------------------------------------------------
  sb=((struct super_block *)NULL) (00000000 00000000 00000000 00000000 00000000 00000000 00000000 00000000)

State 8611 file devtable.c function main line 807 thread 0
----------------------------------------------------
  dev=0u (00000000 00000000 00000000 00000000)

Assumption:
  file devtable.c line 809 function main
  op >= 0 && op < 15

Assumption:
  file devtable.c line 810 function main
  sa >= 0 && sa < 2

Assumption:
  file devtable.c line 811 function main
  da >= 1 && da <= 2

State 8617 file devtable.c function main line 812 thread 0
----------------------------------------------------
  sb=&S1 (00000110 00000000 00000000 00000000 00000000 00000000 00000000 00000000)

State 8618 file devtable.c function main line 813 thread 0
----------------------------------------------------
  dev=1u (00000000 00000000 00000000 00000001)

State 8621 file devtable.c function main line 814 thread 0
----------------------------------------------------
  log_op[4l]=3 (00000000 00000000 00000000 00000011)

State 8626 file devtable.c function main line 815 thread 0
----------------------------------------------------
  log_arg[4l]=11 (00000000 00000000 00000000 00001011)

State 8633 file devtable.c function main line 854 thread 0
----------------------------------------------------
  r=1 (00000000 00000000 00000000 00000001)

Assumption:
  file devtable.c line 856 function main
  reg_state[(signed long int)r] == 0

Assumption:
  file devtable.c line 857 function main
  sb->m_state == 1

State 8649 file devtable.c function main line 858 thread 0
----------------------------------------------------
  s=1 (00000000 00000000 00000000 00000001)

State 8650 file devtable.c function main line 858 thread 0
----------------------------------------------------
  dev=1u (00000000 00000000 00000000 00000001)

State 8651 file devtable.c function pair_busy line 624 thread 0
----------------------------------------------------
  r=0 (00000000 00000000 00000000 00000000)

State 8653 file devtable.c function pair_busy line 624 thread 0
----------------------------------------------------
  n=0 (00000000 00000000 00000000 00000000)

State 8654 file devtable.c function pair_busy line 626 thread 0
----------------------------------------------------
  r=0 (00000000 00000000 00000000 00000000)

State 8663 file devtable.c function pair_busy line 627 thread 0
----------------------------------------------------
  n=0 (00000000 00000000 00000000 00000000)

State 8665 file devtable.c function pair_busy line 626 thread 0
----------------------------------------------------
  r=1 (00000000 00000000 00000000 00000001)

State 8675 file devtable.c function pair_busy line 627 thread 0
----------------------------------------------------
  n=0 (00000000 00000000 00000000 00000000)

State 8677 file devtable.c function pair_busy line 626 thread 0
----------------------------------------------------
  r=2 (00000000 00000000 00000000 00000010)

State 8681 file devtable.c function pair_busy line 628 thread 0
----------------------------------------------------
  n=0 (00000000 00000000 00000000 00000000)

State 8682 file devtable.c function pair_busy line 629 thread 0
----------------------------------------------------
  goto_symex$$return_value$$pair_busy=0 (00000000 00000000 00000000 00000000)

State 8684 file devtable.c function main line 858 thread 0
----------------------------------------------------
  return_value_pair_busy$0=0 (00000000 00000000 00000000 00000000)

State 8685 file devtable.c function main line 858 thread 0
----------------------------------------------------
  tmp_if_expr$1=TRUE (1)

Assumption:
  file devtable.c line 858 function main
  tmp_if_expr$1

State 8689 file devtable.c function main line 859 thread 0
----------------------------------------------------
  sb=&S1 (00000110 00000000 00000000 00000000 00000000 00000000 00000000 00000000)

State 8690 file devtable.c function main line 859 thread 0
----------------------------------------------------
  dev=1u (00000000 00000000 00000000 00000001)

State 8692 file devtable.c function fs_bdev_register_lookup line 569 thread 0
----------------------------------------------------
  sb_dev=((struct super_dev *)NULL) (00000000 00000000 00000000 00000000 00000000 00000000 00000000 00000000)

State 8695 file devtable.c function fs_bdev_register_lookup line 572 thread 0
----------------------------------------------------
  dev=1u (00000000 00000000 00000000 00000001)

State 8696 file devtable.c function fs_bdev_register_lookup line 572 thread 0
----------------------------------------------------
  sb=&S1 (00000110 00000000 00000000 00000000 00000000 00000000 00000000 00000000)

State 8697 file devtable.c function super_dev_lookup line 542 thread 0
----------------------------------------------------
  it=((struct super_dev *)NULL) (00000000 00000000 00000000 00000000 00000000 00000000 00000000 00000000)

State 8699 file devtable.c function super_dev_lookup line 543 thread 0
----------------------------------------------------
  n=0 (00000000 00000000 00000000 00000000)

State 8704 file devtable.c function super_dev_lookup line 549 thread 0
----------------------------------------------------
  dev=1u (00000000 00000000 00000000 00000001)

State 8708 file devtable.c function rhltable_lookup line 314 thread 0
----------------------------------------------------
  dev=1u (00000000 00000000 00000000 00000001)

State 8709 file devtable.c function rhltable_lookup line 314 thread 0
----------------------------------------------------
  below=0 (00000000 00000000 00000000 00000000)

State 8710 file devtable.c function rhltable_lookup line 314 thread 0
----------------------------------------------------
  bounded=FALSE (00000000)

State 8712 file devtable.c function chain_after line 296 thread 0
----------------------------------------------------
  best=((struct super_dev *)NULL) (00000000 00000000 00000000 00000000 00000000 00000000 00000000 00000000)

State 8713 file devtable.c function chain_after line 297 thread 0
----------------------------------------------------
  i=0 (00000000 00000000 00000000 00000000)

State 8714 file devtable.c function chain_after line 299 thread 0
----------------------------------------------------
  i=0 (00000000 00000000 00000000 00000000)

State 8719 file devtable.c function chain_after line 300 thread 0
----------------------------------------------------
  e=&E0 (00000111 00000000 00000000 00000000 00000000 00000000 00000000 00000000)

State 8759 file devtable.c function chain_after line 307 thread 0
----------------------------------------------------
  best=&E0 (00000111 00000000 00000000 00000000 00000000 00000000 00000000 00000000)

State 8761 file devtable.c function chain_after line 299 thread 0
----------------------------------------------------
  i=1 (00000000 00000000 00000000 00000001)

State 8767 file devtable.c function chain_after line 300 thread 0
----------------------------------------------------
  e=&E1 (00000101 00000000 00000000 00000000 00000000 00000000 00000000 00000000)

State 8789 file devtable.c function chain_after line 299 thread 0
----------------------------------------------------
  i=2 (00000000 00000000 00000000 00000010)

State 8795 file devtable.c function chain_after line 300 thread 0
----------------------------------------------------
  e=&E2 (00000100 00000000 00000000 00000000 00000000 00000000 00000000 00000000)

State 8817 file devtable.c function chain_after line 299 thread 0
----------------------------------------------------
  i=3 (00000000 00000000 00000000 00000011)

State 8823 file devtable.c function chain_after line 300 thread 0
----------------------------------------------------
  e=&E3 (00000011 00000000 00000000 00000000 00000000 00000000 00000000 00000000)

State 8845 file devtable.c function chain_after line 299 thread 0
----------------------------------------------------
  i=4 (00000000 00000000 00000000 00000100)

State 8851 file devtable.c function chain_after line 300 thread 0
----------------------------------------------------
  e=&E4 (00000010 00000000 00000000 00000000 00000000 00000000 00000000 00000000)

State 8873 file devtable.c function chain_after line 299 thread 0
----------------------------------------------------
  i=5 (00000000 00000000 00000000 00000101)

State 8876 file devtable.c function chain_after line 309 thread 0
----------------------------------------------------
  goto_symex$$return_value$$chain_after=&E0 (00000111 00000000 00000000 00000000 00000000 00000000 00000000 00000000)

State 8878 file devtable.c function rhltable_lookup line 314 thread 0
----------------------------------------------------
  return_value_chain_after=&E0 (00000111 00000000 00000000 00000000 00000000 00000000 00000000 00000000)

State 8879 file devtable.c function rhltable_lookup line 314 thread 0
----------------------------------------------------
  goto_symex$$return_value$$rhltable_lookup=&E0 (00000111 00000000 00000000 00000000 00000000 00000000 00000000 00000000)

State 8881 file devtable.c function super_dev_lookup line 549 thread 0
----------------------------------------------------
  it=&E0 (00000111 00000000 00000000 00000000 00000000 00000000 00000000 00000000)

State 8892 file devtable.c function super_dev_lookup line 549 thread 0
----------------------------------------------------
  pos=&E0 (00000111 00000000 00000000 00000000 00000000 00000000 00000000 00000000)

State 8908 file devtable.c function rhl_next line 320 thread 0
----------------------------------------------------
  dev=1u (00000000 00000000 00000000 00000001)

State 8909 file devtable.c function rhl_next line 320 thread 0
----------------------------------------------------
  below=1 (00000000 00000000 00000000 00000001)

State 8910 file devtable.c function rhl_next line 320 thread 0
----------------------------------------------------
  bounded=TRUE (00000001)

State 8912 file devtable.c function chain_after line 296 thread 0
----------------------------------------------------
  best=((struct super_dev *)NULL) (00000000 00000000 00000000 00000000 00000000 00000000 00000000 00000000)

State 8913 file devtable.c function chain_after line 297 thread 0
----------------------------------------------------
  i=0 (00000000 00000000 00000000 00000000)

State 8914 file devtable.c function chain_after line 299 thread 0
----------------------------------------------------
  i=0 (00000000 00000000 00000000 00000000)

State 8919 file devtable.c function chain_after line 300 thread 0
----------------------------------------------------
  e=&E0 (00000111 00000000 00000000 00000000 00000000 00000000 00000000 00000000)

State 8948 file devtable.c function chain_after line 299 thread 0
----------------------------------------------------
  i=1 (00000000 00000000 00000000 00000001)

State 8954 file devtable.c function chain_after line 300 thread 0
----------------------------------------------------
  e=&E1 (00000101 00000000 00000000 00000000 00000000 00000000 00000000 00000000)

State 8976 file devtable.c function chain_after line 299 thread 0
----------------------------------------------------
  i=2 (00000000 00000000 00000000 00000010)

State 8982 file devtable.c function chain_after line 300 thread 0
----------------------------------------------------
  e=&E2 (00000100 00000000 00000000 00000000 00000000 00000000 00000000 00000000)

State 9004 file devtable.c function chain_after line 299 thread 0
----------------------------------------------------
  i=3 (00000000 00000000 00000000 00000011)

State 9010 file devtable.c function chain_after line 300 thread 0
----------------------------------------------------
  e=&E3 (00000011 00000000 00000000 00000000 00000000 00000000 00000000 00000000)

State 9032 file devtable.c function chain_after line 299 thread 0
----------------------------------------------------
  i=4 (00000000 00000000 00000000 00000100)

State 9038 file devtable.c function chain_after line 300 thread 0
----------------------------------------------------
  e=&E4 (00000010 00000000 00000000 00000000 00000000 00000000 00000000 00000000)

State 9060 file devtable.c function chain_after line 299 thread 0
----------------------------------------------------
  i=5 (00000000 00000000 00000000 00000101)

State 9063 file devtable.c function chain_after line 309 thread 0
----------------------------------------------------
  goto_symex$$return_value$$chain_after=((struct super_dev *)NULL) (00000000 00000000 00000000 00000000 00000000 00000000 00000000 00000000)

State 9065 file devtable.c function rhl_next line 320 thread 0
----------------------------------------------------
  return_value_chain_after=((struct super_dev *)NULL) (00000000 00000000 00000000 00000000 00000000 00000000 00000000 00000000)

State 9066 file devtable.c function rhl_next line 320 thread 0
----------------------------------------------------
  goto_symex$$return_value$$rhl_next=((struct super_dev *)NULL) (00000000 00000000 00000000 00000000 00000000 00000000 00000000 00000000)

State 9068 file devtable.c function super_dev_lookup line 549 thread 0
----------------------------------------------------
  it=((struct super_dev *)NULL) (00000000 00000000 00000000 00000000 00000000 00000000 00000000 00000000)

State 9070 file devtable.c function super_dev_lookup line 549 thread 0
----------------------------------------------------
  n=1 (00000000 00000000 00000000 00000001)

State 9073 file devtable.c function super_dev_lookup line 554 thread 0
----------------------------------------------------
  goto_symex$$return_value$$super_dev_lookup=((struct super_dev *)NULL) (00000000 00000000 00000000 00000000 00000000 00000000 00000000 00000000)

State 9075 file devtable.c function fs_bdev_register_lookup line 572 thread 0
----------------------------------------------------
  sb_dev=((struct super_dev *)NULL) (00000000 00000000 00000000 00000000 00000000 00000000 00000000 00000000)

State 9077 file devtable.c function fs_bdev_register_lookup line 578 thread 0
----------------------------------------------------
  goto_symex$$return_value$$fs_bdev_register_lookup=1 (00000000 00000000 00000000 00000001)

State 9079 file devtable.c function main line 859 thread 0
----------------------------------------------------
  ret=1 (00000000 00000000 00000000 00000001)

State 9081 file devtable.c function main line 864 thread 0
----------------------------------------------------
  ret=0 (00000000 00000000 00000000 00000000)

State 9084 file devtable.c function main line 865 thread 0
----------------------------------------------------
  reg_sb[1l]=1 (00000000 00000000 00000000 00000001)

State 9085 file devtable.c function main line 865 thread 0
----------------------------------------------------
  reg_sb[0l]=0 (00000000 00000000 00000000 00000000)

State 9086 file devtable.c function main line 865 thread 0
----------------------------------------------------
  reg_sb[1l]=1 (00000000 00000000 00000000 00000001)

State 9089 file devtable.c function main line 866 thread 0
----------------------------------------------------
  reg_dev[1l]=1u (00000000 00000000 00000000 00000001)

State 9090 file devtable.c function main line 866 thread 0
----------------------------------------------------
  reg_dev[0l]=2u (00000000 00000000 00000000 00000010)

State 9091 file devtable.c function main line 866 thread 0
----------------------------------------------------
  reg_dev[1l]=1u (00000000 00000000 00000000 00000001)

State 9094 file devtable.c function main line 867 thread 0
----------------------------------------------------
  reg_state[1l]=1 (00000000 00000000 00000000 00000001)

State 9095 file devtable.c function main line 867 thread 0
----------------------------------------------------
  reg_state[0l]=2 (00000000 00000000 00000000 00000010)

State 9096 file devtable.c function main line 867 thread 0
----------------------------------------------------
  reg_state[1l]=1 (00000000 00000000 00000000 00000001)

State 9100 file devtable.c function main line 869 thread 0
----------------------------------------------------
  sb=&S1 (00000110 00000000 00000000 00000000 00000000 00000000 00000000 00000000)

State 9101 file devtable.c function main line 869 thread 0
----------------------------------------------------
  dev=1u (00000000 00000000 00000000 00000001)

State 9102 file devtable.c function main line 869 thread 0
----------------------------------------------------
  r=1 (00000000 00000000 00000000 00000001)

State 9104 file devtable.c function fs_bdev_register_insert line 583 thread 0
----------------------------------------------------
  sb_dev=((struct super_dev *)NULL) (00000000 00000000 00000000 00000000 00000000 00000000 00000000 00000000)

State 9105 file devtable.c function fs_bdev_register_insert line 584 thread 0
----------------------------------------------------
  err=0 (00000000 00000000 00000000 00000000)

State 9108 file devtable.c function fs_bdev_register_insert line 586 thread 0
----------------------------------------------------
  dev=1u (00000000 00000000 00000000 00000001)

State 9109 file devtable.c function fs_bdev_register_insert line 586 thread 0
----------------------------------------------------
  sb=&S1 (00000110 00000000 00000000 00000000 00000000 00000000 00000000 00000000)

State 9110 file devtable.c function super_dev_alloc line 356 thread 0
----------------------------------------------------
  fsd=((struct super_dev *)NULL) (00000000 00000000 00000000 00000000 00000000 00000000 00000000 00000000)

State 9113 file devtable.c function kzalloc_super_dev line 244 thread 0
----------------------------------------------------
  i=0 (00000000 00000000 00000000 00000000)

State 9120 file devtable.c function alloc_fail line 238 thread 0
----------------------------------------------------
  return_value_nondet_bool=FALSE (00000000)

State 9121 file devtable.c function alloc_fail line 238 thread 0
----------------------------------------------------
  tmp_if_expr=FALSE (0)

State 9123 file devtable.c function alloc_fail line 238 thread 0
----------------------------------------------------
  goto_symex$$return_value$$alloc_fail=0 (00000000 00000000 00000000 00000000)

State 9125 file devtable.c function kzalloc_super_dev line 246 thread 0
----------------------------------------------------
  return_value_alloc_fail=0 (00000000 00000000 00000000 00000000)

State 9128 file devtable.c function kzalloc_super_dev line 248 thread 0
----------------------------------------------------
  e=((struct super_dev *)NULL) (00000000 00000000 00000000 00000000 00000000 00000000 00000000 00000000)

State 9129 file devtable.c function kzalloc_super_dev line 250 thread 0
----------------------------------------------------
  i=0 (00000000 00000000 00000000 00000000)

State 9141 file devtable.c function kzalloc_super_dev line 250 thread 0
----------------------------------------------------
  i=1 (00000000 00000000 00000000 00000001)

State 9154 file devtable.c function kzalloc_super_dev line 250 thread 0
----------------------------------------------------
  i=2 (00000000 00000000 00000000 00000010)

State 9167 file devtable.c function kzalloc_super_dev line 250 thread 0
----------------------------------------------------
  i=3 (00000000 00000000 00000000 00000011)

State 9181 file devtable.c function kzalloc_super_dev line 252 thread 0
----------------------------------------------------
  e=&E3 (00000011 00000000 00000000 00000000 00000000 00000000 00000000 00000000)

State 9183 file devtable.c function kzalloc_super_dev line 250 thread 0
----------------------------------------------------
  i=4 (00000000 00000000 00000000 00000100)

State 9196 file devtable.c function kzalloc_super_dev line 250 thread 0
----------------------------------------------------
  i=5 (00000000 00000000 00000000 00000101)

Assumption:
  file devtable.c line 253 function kzalloc_super_dev
  e != ((struct super_dev *)NULL)

State 9206 file devtable.c function kzalloc_super_dev line 254 thread 0
----------------------------------------------------
  E3.sd_dev=0u (00000000 00000000 00000000 00000000)

State 9213 file devtable.c function kzalloc_super_dev line 255 thread 0
----------------------------------------------------
  E3.sd_sb=((struct super_block *)NULL) (00000000 00000000 00000000 00000000 00000000 00000000 00000000 00000000)

State 9220 file devtable.c function kzalloc_super_dev line 256 thread 0
----------------------------------------------------
  E3.sd_ref=0 (00000000 00000000 00000000 00000000)

State 9227 file devtable.c function kzalloc_super_dev line 257 thread 0
----------------------------------------------------
  E3.m_used=1 (00000000 00000000 00000000 00000001)

State 9234 file devtable.c function kzalloc_super_dev line 258 thread 0
----------------------------------------------------
  E3.m_linked=0 (00000000 00000000 00000000 00000000)

State 9241 file devtable.c function kzalloc_super_dev line 259 thread 0
----------------------------------------------------
  E3.m_seq=0 (00000000 00000000 00000000 00000000)

State 9248 file devtable.c function kzalloc_super_dev line 260 thread 0
----------------------------------------------------
  E3.m_dying=0 (00000000 00000000 00000000 00000000)

State 9255 file devtable.c function kzalloc_super_dev line 261 thread 0
----------------------------------------------------
  E3.m_passive=0 (00000000 00000000 00000000 00000000)

State 9256 file devtable.c function kzalloc_super_dev line 262 thread 0
----------------------------------------------------
  goto_symex$$return_value$$kzalloc_super_dev=&E3 (00000011 00000000 00000000 00000000 00000000 00000000 00000000 00000000)

State 9258 file devtable.c function super_dev_alloc line 358 thread 0
----------------------------------------------------
  fsd=&E3 (00000011 00000000 00000000 00000000 00000000 00000000 00000000 00000000)

State 9266 file devtable.c function super_dev_alloc line 361 thread 0
----------------------------------------------------
  E3.sd_dev=1u (00000000 00000000 00000000 00000001)

State 9273 file devtable.c function super_dev_alloc line 362 thread 0
----------------------------------------------------
  E3.sd_sb=&S1 (00000110 00000000 00000000 00000000 00000000 00000000 00000000 00000000)

State 9276 file devtable.c function super_dev_alloc line 363 thread 0
----------------------------------------------------
  r=&E3.sd_ref (00000011 00000000 00000000 00000000 00000000 00000000 00000000 00010000)

State 9277 file devtable.c function super_dev_alloc line 363 thread 0
----------------------------------------------------
  v=1 (00000000 00000000 00000000 00000001)

State 9284 file devtable.c function refcount_set line 209 thread 0
----------------------------------------------------
  E3.sd_ref=1 (00000000 00000000 00000000 00000001)

State 9286 file devtable.c function super_dev_alloc line 364 thread 0
----------------------------------------------------
  goto_symex$$return_value$$super_dev_alloc=&E3 (00000011 00000000 00000000 00000000 00000000 00000000 00000000 00000000)

State 9288 file devtable.c function fs_bdev_register_insert line 586 thread 0
----------------------------------------------------
  sb_dev=&E3 (00000011 00000000 00000000 00000000 00000000 00000000 00000000 00000000)

State 9292 file devtable.c function fs_bdev_register_insert line 590 thread 0
----------------------------------------------------
  fsd=&E3 (00000011 00000000 00000000 00000000 00000000 00000000 00000000 00000000)

State 9293 file devtable.c function super_dev_insert line 403 thread 0
----------------------------------------------------
  err=0 (00000000 00000000 00000000 00000000)

State 9296 file devtable.c function super_dev_insert line 405 thread 0
----------------------------------------------------
  fsd=&E3 (00000011 00000000 00000000 00000000 00000000 00000000 00000000 00000000)

State 9303 file devtable.c function alloc_fail line 238 thread 0
----------------------------------------------------
  return_value_nondet_bool=TRUE (00000001)

State 9304 file devtable.c function alloc_fail line 238 thread 0
----------------------------------------------------
  tmp_if_expr=TRUE (1)

State 9306 file devtable.c function alloc_fail line 238 thread 0
----------------------------------------------------
  goto_symex$$return_value$$alloc_fail=1 (00000000 00000000 00000000 00000001)

State 9308 file devtable.c function rhltable_insert line 279 thread 0
----------------------------------------------------
  return_value_alloc_fail=1 (00000000 00000000 00000000 00000001)

State 9310 file devtable.c function rhltable_insert line 280 thread 0
----------------------------------------------------
  goto_symex$$return_value$$rhltable_insert=-12 (11111111 11111111 11111111 11110100)

State 9313 file devtable.c function super_dev_insert line 405 thread 0
----------------------------------------------------
  err=-12 (11111111 11111111 11111111 11110100)

State 9315 file devtable.c function super_dev_insert line 410 thread 0
----------------------------------------------------
  goto_symex$$return_value$$super_dev_insert=-12 (11111111 11111111 11111111 11110100)

State 9317 file devtable.c function fs_bdev_register_insert line 590 thread 0
----------------------------------------------------
  err=-12 (11111111 11111111 11111111 11110100)

State 9321 file devtable.c function fs_bdev_register_insert line 592 thread 0
----------------------------------------------------
  fsd=&E3 (00000011 00000000 00000000 00000000 00000000 00000000 00000000 00000000)

State 9344 file devtable.c function kfree line 272 thread 0
----------------------------------------------------
  E3.m_used=0 (00000000 00000000 00000000 00000000)

State 9346 file devtable.c function fs_bdev_register_insert line 593 thread 0
----------------------------------------------------
  goto_symex$$return_value$$fs_bdev_register_insert=-12 (11111111 11111111 11111111 11110100)

State 9349 file devtable.c function main line 869 thread 0
----------------------------------------------------
  ret=-12 (11111111 11111111 11111111 11110100)

State 9352 file devtable.c function main line 870 thread 0
----------------------------------------------------
  reg_state[1l]=0 (00000000 00000000 00000000 00000000)

State 9353 file devtable.c function main line 870 thread 0
----------------------------------------------------
  reg_state[0l]=2 (00000000 00000000 00000000 00000010)

State 9354 file devtable.c function main line 870 thread 0
----------------------------------------------------
  reg_state[1l]=0 (00000000 00000000 00000000 00000000)

State 9358 file devtable.c function main line 1010 thread 0
----------------------------------------------------
  log_ret[4l]=-12 (11111111 11111111 11111111 11110100)

State 9361 file devtable.c function track_claims line 661 thread 0
----------------------------------------------------
  s=0 (00000000 00000000 00000000 00000000)

State 9362 file devtable.c function track_claims line 662 thread 0
----------------------------------------------------
  d=0u (00000000 00000000 00000000 00000000)

State 9363 file devtable.c function track_claims line 664 thread 0
----------------------------------------------------
  s=0 (00000000 00000000 00000000 00000000)

State 9365 file devtable.c function track_claims line 665 thread 0
----------------------------------------------------
  d=1u (00000000 00000000 00000000 00000001)

State 9371 file devtable.c function track_claims line 666 thread 0
----------------------------------------------------
  s=0 (00000000 00000000 00000000 00000000)

State 9372 file devtable.c function track_claims line 666 thread 0
----------------------------------------------------
  d=1u (00000000 00000000 00000000 00000001)

State 9376 file devtable.c function pair_claimed line 655 thread 0
----------------------------------------------------
  s=0 (00000000 00000000 00000000 00000000)

State 9377 file devtable.c function pair_claimed line 655 thread 0
----------------------------------------------------
  dev=1u (00000000 00000000 00000000 00000001)

State 9378 file devtable.c function pair_pending line 645 thread 0
----------------------------------------------------
  r=0 (00000000 00000000 00000000 00000000)

State 9380 file devtable.c function pair_pending line 645 thread 0
----------------------------------------------------
  n=0 (00000000 00000000 00000000 00000000)

State 9381 file devtable.c function pair_pending line 647 thread 0
----------------------------------------------------
  r=0 (00000000 00000000 00000000 00000000)

State 9390 file devtable.c function pair_pending line 648 thread 0
----------------------------------------------------
  n=0 (00000000 00000000 00000000 00000000)

State 9392 file devtable.c function pair_pending line 647 thread 0
----------------------------------------------------
  r=1 (00000000 00000000 00000000 00000001)

State 9402 file devtable.c function pair_pending line 648 thread 0
----------------------------------------------------
  n=0 (00000000 00000000 00000000 00000000)

State 9404 file devtable.c function pair_pending line 647 thread 0
----------------------------------------------------
  r=2 (00000000 00000000 00000000 00000010)

State 9407 file devtable.c function pair_pending line 649 thread 0
----------------------------------------------------
  goto_symex$$return_value$$pair_pending=0 (00000000 00000000 00000000 00000000)

State 9409 file devtable.c function pair_claimed line 655 thread 0
----------------------------------------------------
  return_value_pair_pending=0 (00000000 00000000 00000000 00000000)

State 9425 file devtable.c function pair_claimed line 655 thread 0
----------------------------------------------------
  goto_symex$$return_value$$pair_claimed=1 (00000000 00000000 00000000 00000001)

State 9427 file devtable.c function track_claims line 666 thread 0
----------------------------------------------------
  return_value_pair_claimed=1 (00000000 00000000 00000000 00000001)

State 9428 file devtable.c function track_claims line 666 thread 0
----------------------------------------------------
  now=1 (00000000 00000000 00000000 00000001)

State 9433 file devtable.c function track_claims line 669 thread 0
----------------------------------------------------
  unborn_drop[0l][1l]=0 (00000000 00000000 00000000 00000000)

State 9438 file devtable.c function track_claims line 672 thread 0
----------------------------------------------------
  was_claimed[0l][1l]=1 (00000000 00000000 00000000 00000001)

State 9439 file devtable.c function track_claims line 665 thread 0
----------------------------------------------------
  d=2u (00000000 00000000 00000000 00000010)

State 9446 file devtable.c function track_claims line 666 thread 0
----------------------------------------------------
  s=0 (00000000 00000000 00000000 00000000)

State 9447 file devtable.c function track_claims line 666 thread 0
----------------------------------------------------
  d=2u (00000000 00000000 00000000 00000010)

State 9451 file devtable.c function pair_claimed line 655 thread 0
----------------------------------------------------
  s=0 (00000000 00000000 00000000 00000000)

State 9452 file devtable.c function pair_claimed line 655 thread 0
----------------------------------------------------
  dev=2u (00000000 00000000 00000000 00000010)

State 9453 file devtable.c function pair_pending line 645 thread 0
----------------------------------------------------
  r=0 (00000000 00000000 00000000 00000000)

State 9455 file devtable.c function pair_pending line 645 thread 0
----------------------------------------------------
  n=0 (00000000 00000000 00000000 00000000)

State 9456 file devtable.c function pair_pending line 647 thread 0
----------------------------------------------------
  r=0 (00000000 00000000 00000000 00000000)

State 9465 file devtable.c function pair_pending line 648 thread 0
----------------------------------------------------
  n=1 (00000000 00000000 00000000 00000001)

State 9467 file devtable.c function pair_pending line 647 thread 0
----------------------------------------------------
  r=1 (00000000 00000000 00000000 00000001)

State 9477 file devtable.c function pair_pending line 648 thread 0
----------------------------------------------------
  n=1 (00000000 00000000 00000000 00000001)

State 9479 file devtable.c function pair_pending line 647 thread 0
----------------------------------------------------
  r=2 (00000000 00000000 00000000 00000010)

State 9482 file devtable.c function pair_pending line 649 thread 0
----------------------------------------------------
  goto_symex$$return_value$$pair_pending=1 (00000000 00000000 00000000 00000001)

State 9484 file devtable.c function pair_claimed line 655 thread 0
----------------------------------------------------
  return_value_pair_pending=1 (00000000 00000000 00000000 00000001)

State 9500 file devtable.c function pair_claimed line 655 thread 0
----------------------------------------------------
  goto_symex$$return_value$$pair_claimed=1 (00000000 00000000 00000000 00000001)

State 9502 file devtable.c function track_claims line 666 thread 0
----------------------------------------------------
  return_value_pair_claimed=1 (00000000 00000000 00000000 00000001)

State 9503 file devtable.c function track_claims line 666 thread 0
----------------------------------------------------
  now=1 (00000000 00000000 00000000 00000001)

State 9508 file devtable.c function track_claims line 669 thread 0
----------------------------------------------------
  unborn_drop[0l][2l]=0 (00000000 00000000 00000000 00000000)

State 9513 file devtable.c function track_claims line 672 thread 0
----------------------------------------------------
  was_claimed[0l][2l]=1 (00000000 00000000 00000000 00000001)

State 9514 file devtable.c function track_claims line 665 thread 0
----------------------------------------------------
  d=3u (00000000 00000000 00000000 00000011)

State 9518 file devtable.c function track_claims line 664 thread 0
----------------------------------------------------
  s=1 (00000000 00000000 00000000 00000001)

State 9521 file devtable.c function track_claims line 665 thread 0
----------------------------------------------------
  d=1u (00000000 00000000 00000000 00000001)

State 9527 file devtable.c function track_claims line 666 thread 0
----------------------------------------------------
  s=1 (00000000 00000000 00000000 00000001)

State 9528 file devtable.c function track_claims line 666 thread 0
----------------------------------------------------
  d=1u (00000000 00000000 00000000 00000001)

State 9532 file devtable.c function pair_claimed line 655 thread 0
----------------------------------------------------
  s=1 (00000000 00000000 00000000 00000001)

State 9533 file devtable.c function pair_claimed line 655 thread 0
----------------------------------------------------
  dev=1u (00000000 00000000 00000000 00000001)

State 9534 file devtable.c function pair_pending line 645 thread 0
----------------------------------------------------
  r=0 (00000000 00000000 00000000 00000000)

State 9536 file devtable.c function pair_pending line 645 thread 0
----------------------------------------------------
  n=0 (00000000 00000000 00000000 00000000)

State 9537 file devtable.c function pair_pending line 647 thread 0
----------------------------------------------------
  r=0 (00000000 00000000 00000000 00000000)

State 9546 file devtable.c function pair_pending line 648 thread 0
----------------------------------------------------
  n=0 (00000000 00000000 00000000 00000000)

State 9548 file devtable.c function pair_pending line 647 thread 0
----------------------------------------------------
  r=1 (00000000 00000000 00000000 00000001)

State 9558 file devtable.c function pair_pending line 648 thread 0
----------------------------------------------------
  n=0 (00000000 00000000 00000000 00000000)

State 9560 file devtable.c function pair_pending line 647 thread 0
----------------------------------------------------
  r=2 (00000000 00000000 00000000 00000010)

State 9563 file devtable.c function pair_pending line 649 thread 0
----------------------------------------------------
  goto_symex$$return_value$$pair_pending=0 (00000000 00000000 00000000 00000000)

State 9565 file devtable.c function pair_claimed line 655 thread 0
----------------------------------------------------
  return_value_pair_pending=0 (00000000 00000000 00000000 00000000)

State 9581 file devtable.c function pair_claimed line 655 thread 0
----------------------------------------------------
  goto_symex$$return_value$$pair_claimed=0 (00000000 00000000 00000000 00000000)

State 9583 file devtable.c function track_claims line 666 thread 0
----------------------------------------------------
  return_value_pair_claimed=0 (00000000 00000000 00000000 00000000)

State 9584 file devtable.c function track_claims line 666 thread 0
----------------------------------------------------
  now=0 (00000000 00000000 00000000 00000000)

State 9601 file devtable.c function track_claims line 672 thread 0
----------------------------------------------------
  was_claimed[1l][1l]=0 (00000000 00000000 00000000 00000000)

State 9602 file devtable.c function track_claims line 665 thread 0
----------------------------------------------------
  d=2u (00000000 00000000 00000000 00000010)

State 9609 file devtable.c function track_claims line 666 thread 0
----------------------------------------------------
  s=1 (00000000 00000000 00000000 00000001)

State 9610 file devtable.c function track_claims line 666 thread 0
----------------------------------------------------
  d=2u (00000000 00000000 00000000 00000010)

State 9614 file devtable.c function pair_claimed line 655 thread 0
----------------------------------------------------
  s=1 (00000000 00000000 00000000 00000001)

State 9615 file devtable.c function pair_claimed line 655 thread 0
----------------------------------------------------
  dev=2u (00000000 00000000 00000000 00000010)

State 9616 file devtable.c function pair_pending line 645 thread 0
----------------------------------------------------
  r=0 (00000000 00000000 00000000 00000000)

State 9618 file devtable.c function pair_pending line 645 thread 0
----------------------------------------------------
  n=0 (00000000 00000000 00000000 00000000)

State 9619 file devtable.c function pair_pending line 647 thread 0
----------------------------------------------------
  r=0 (00000000 00000000 00000000 00000000)

State 9628 file devtable.c function pair_pending line 648 thread 0
----------------------------------------------------
  n=0 (00000000 00000000 00000000 00000000)

State 9630 file devtable.c function pair_pending line 647 thread 0
----------------------------------------------------
  r=1 (00000000 00000000 00000000 00000001)

State 9640 file devtable.c function pair_pending line 648 thread 0
----------------------------------------------------
  n=0 (00000000 00000000 00000000 00000000)

State 9642 file devtable.c function pair_pending line 647 thread 0
----------------------------------------------------
  r=2 (00000000 00000000 00000000 00000010)

State 9645 file devtable.c function pair_pending line 649 thread 0
----------------------------------------------------
  goto_symex$$return_value$$pair_pending=0 (00000000 00000000 00000000 00000000)

State 9647 file devtable.c function pair_claimed line 655 thread 0
----------------------------------------------------
  return_value_pair_pending=0 (00000000 00000000 00000000 00000000)

State 9663 file devtable.c function pair_claimed line 655 thread 0
----------------------------------------------------
  goto_symex$$return_value$$pair_claimed=1 (00000000 00000000 00000000 00000001)

State 9665 file devtable.c function track_claims line 666 thread 0
----------------------------------------------------
  return_value_pair_claimed=1 (00000000 00000000 00000000 00000001)

State 9666 file devtable.c function track_claims line 666 thread 0
----------------------------------------------------
  now=1 (00000000 00000000 00000000 00000001)

State 9671 file devtable.c function track_claims line 669 thread 0
----------------------------------------------------
  unborn_drop[1l][2l]=0 (00000000 00000000 00000000 00000000)

State 9676 file devtable.c function track_claims line 672 thread 0
----------------------------------------------------
  was_claimed[1l][2l]=1 (00000000 00000000 00000000 00000001)

State 9677 file devtable.c function track_claims line 665 thread 0
----------------------------------------------------
  d=3u (00000000 00000000 00000000 00000011)

State 9681 file devtable.c function track_claims line 664 thread 0
----------------------------------------------------
  s=2 (00000000 00000000 00000000 00000010)

State 9687 file devtable.c function check_invariants line 703 thread 0
----------------------------------------------------
  s=0 (00000000 00000000 00000000 00000000)

State 9688 file devtable.c function check_invariants line 703 thread 0
----------------------------------------------------
  i=0 (00000000 00000000 00000000 00000000)

State 9689 file devtable.c function check_invariants line 703 thread 0
----------------------------------------------------
  c=0 (00000000 00000000 00000000 00000000)

State 9690 file devtable.c function check_invariants line 704 thread 0
----------------------------------------------------
  d=0u (00000000 00000000 00000000 00000000)

State 9691 file devtable.c function check_invariants line 706 thread 0
----------------------------------------------------
  c=0 (00000000 00000000 00000000 00000000)

State 9697 file devtable.c function check_invariants line 707 thread 0
----------------------------------------------------
  p=&E2 (00000100 00000000 00000000 00000000 00000000 00000000 00000000 00000000)

State 9698 file devtable.c function check_pin line 684 thread 0
----------------------------------------------------
  sb=((struct super_block *)NULL) (00000000 00000000 00000000 00000000 00000000 00000000 00000000 00000000)

State 9725 file devtable.c function check_pin line 690 thread 0
----------------------------------------------------
  sb=&S0 (00001000 00000000 00000000 00000000 00000000 00000000 00000000 00000000)

State 9744 file devtable.c function check_invariants line 708 thread 0
----------------------------------------------------
  p=((struct super_dev *)NULL) (00000000 00000000 00000000 00000000 00000000 00000000 00000000 00000000)

State 9745 file devtable.c function check_pin line 684 thread 0
----------------------------------------------------
  sb=((struct super_block *)NULL) (00000000 00000000 00000000 00000000 00000000 00000000 00000000 00000000)

State 9750 file devtable.c function check_invariants line 706 thread 0
----------------------------------------------------
  c=1 (00000000 00000000 00000000 00000001)

State 9753 file devtable.c function check_invariants line 711 thread 0
----------------------------------------------------
  i=0 (00000000 00000000 00000000 00000000)

State 9758 file devtable.c function check_invariants line 712 thread 0
----------------------------------------------------
  e=&E0 (00000111 00000000 00000000 00000000 00000000 00000000 00000000 00000000)

State 9828 file devtable.c function check_invariants line 711 thread 0
----------------------------------------------------
  i=1 (00000000 00000000 00000000 00000001)

State 9834 file devtable.c function check_invariants line 712 thread 0
----------------------------------------------------
  e=&E1 (00000101 00000000 00000000 00000000 00000000 00000000 00000000 00000000)

State 9904 file devtable.c function check_invariants line 711 thread 0
----------------------------------------------------
  i=2 (00000000 00000000 00000000 00000010)

State 9910 file devtable.c function check_invariants line 712 thread 0
----------------------------------------------------
  e=&E2 (00000100 00000000 00000000 00000000 00000000 00000000 00000000 00000000)

State 9980 file devtable.c function check_invariants line 711 thread 0
----------------------------------------------------
  i=3 (00000000 00000000 00000000 00000011)

State 9986 file devtable.c function check_invariants line 712 thread 0
----------------------------------------------------
  e=&E3 (00000011 00000000 00000000 00000000 00000000 00000000 00000000 00000000)

State 9996 file devtable.c function check_invariants line 711 thread 0
----------------------------------------------------
  i=4 (00000000 00000000 00000000 00000100)

State 10002 file devtable.c function check_invariants line 712 thread 0
----------------------------------------------------
  e=&E4 (00000010 00000000 00000000 00000000 00000000 00000000 00000000 00000000)

State 10012 file devtable.c function check_invariants line 711 thread 0
----------------------------------------------------
  i=5 (00000000 00000000 00000000 00000101)

State 10015 file devtable.c function check_invariants line 725 thread 0
----------------------------------------------------
  s=0 (00000000 00000000 00000000 00000000)

State 10020 file devtable.c function check_invariants line 726 thread 0
----------------------------------------------------
  sb=&S0 (00001000 00000000 00000000 00000000 00000000 00000000 00000000 00000000)

State 10022 file devtable.c function check_invariants line 727 thread 0
----------------------------------------------------
  rows=0 (00000000 00000000 00000000 00000000)

State 10023 file devtable.c function check_invariants line 727 thread 0
----------------------------------------------------
  base=0 (00000000 00000000 00000000 00000000)

State 10025 file devtable.c function check_invariants line 727 thread 0
----------------------------------------------------
  sleepers=0 (00000000 00000000 00000000 00000000)

State 10039 file devtable.c function check_invariants line 731 thread 0
----------------------------------------------------
  i=0 (00000000 00000000 00000000 00000000)

State 10066 file devtable.c function check_invariants line 732 thread 0
----------------------------------------------------
  rows=1 (00000000 00000000 00000000 00000001)

State 10068 file devtable.c function check_invariants line 731 thread 0
----------------------------------------------------
  i=1 (00000000 00000000 00000000 00000001)

State 10096 file devtable.c function check_invariants line 732 thread 0
----------------------------------------------------
  rows=1 (00000000 00000000 00000000 00000001)

State 10098 file devtable.c function check_invariants line 731 thread 0
----------------------------------------------------
  i=2 (00000000 00000000 00000000 00000010)

State 10126 file devtable.c function check_invariants line 732 thread 0
----------------------------------------------------
  rows=2 (00000000 00000000 00000000 00000010)

State 10128 file devtable.c function check_invariants line 731 thread 0
----------------------------------------------------
  i=3 (00000000 00000000 00000000 00000011)

State 10156 file devtable.c function check_invariants line 732 thread 0
----------------------------------------------------
  rows=2 (00000000 00000000 00000000 00000010)

State 10158 file devtable.c function check_invariants line 731 thread 0
----------------------------------------------------
  i=4 (00000000 00000000 00000000 00000100)

State 10186 file devtable.c function check_invariants line 732 thread 0
----------------------------------------------------
  rows=2 (00000000 00000000 00000000 00000010)

State 10188 file devtable.c function check_invariants line 731 thread 0
----------------------------------------------------
  i=5 (00000000 00000000 00000000 00000101)

State 10191 file devtable.c function check_invariants line 733 thread 0
----------------------------------------------------
  c=0 (00000000 00000000 00000000 00000000)

State 10196 file devtable.c function check_invariants line 734 thread 0
----------------------------------------------------
  sleepers=0 (00000000 00000000 00000000 00000000)

State 10198 file devtable.c function check_invariants line 733 thread 0
----------------------------------------------------
  c=1 (00000000 00000000 00000000 00000001)

State 10207 file devtable.c function check_invariants line 735 thread 0
----------------------------------------------------
  base=1 (00000000 00000000 00000000 00000001)

State 10234 file devtable.c function check_invariants line 743 thread 0
----------------------------------------------------
  d=1u (00000000 00000000 00000000 00000001)

State 10237 file devtable.c function check_invariants line 744 thread 0
----------------------------------------------------
  refs=0 (00000000 00000000 00000000 00000000)

State 10239 file devtable.c function check_invariants line 744 thread 0
----------------------------------------------------
  pins=0 (00000000 00000000 00000000 00000000)

State 10240 file devtable.c function check_invariants line 744 thread 0
----------------------------------------------------
  want=0 (00000000 00000000 00000000 00000000)

State 10241 file devtable.c function check_invariants line 746 thread 0
----------------------------------------------------
  i=0 (00000000 00000000 00000000 00000000)

State 10285 file devtable.c function check_invariants line 748 thread 0
----------------------------------------------------
  refs=1 (00000000 00000000 00000000 00000001)

State 10287 file devtable.c function check_invariants line 746 thread 0
----------------------------------------------------
  i=1 (00000000 00000000 00000000 00000001)

State 10324 file devtable.c function check_invariants line 746 thread 0
----------------------------------------------------
  i=2 (00000000 00000000 00000000 00000010)

State 10361 file devtable.c function check_invariants line 746 thread 0
----------------------------------------------------
  i=3 (00000000 00000000 00000000 00000011)

State 10398 file devtable.c function check_invariants line 746 thread 0
----------------------------------------------------
  i=4 (00000000 00000000 00000000 00000100)

State 10435 file devtable.c function check_invariants line 746 thread 0
----------------------------------------------------
  i=5 (00000000 00000000 00000000 00000101)

State 10438 file devtable.c function check_invariants line 749 thread 0
----------------------------------------------------
  c=0 (00000000 00000000 00000000 00000000)

State 10479 file devtable.c function check_invariants line 749 thread 0
----------------------------------------------------
  c=1 (00000000 00000000 00000000 00000001)

State 10485 file devtable.c function check_invariants line 756 thread 0
----------------------------------------------------
  s=0 (00000000 00000000 00000000 00000000)

State 10486 file devtable.c function check_invariants line 756 thread 0
----------------------------------------------------
  dev=1u (00000000 00000000 00000000 00000001)

State 10487 file devtable.c function pair_pending line 645 thread 0
----------------------------------------------------
  r=0 (00000000 00000000 00000000 00000000)

State 10489 file devtable.c function pair_pending line 645 thread 0
----------------------------------------------------
  n=0 (00000000 00000000 00000000 00000000)

State 10490 file devtable.c function pair_pending line 647 thread 0
----------------------------------------------------
  r=0 (00000000 00000000 00000000 00000000)

State 10499 file devtable.c function pair_pending line 648 thread 0
----------------------------------------------------
  n=0 (00000000 00000000 00000000 00000000)

State 10501 file devtable.c function pair_pending line 647 thread 0
----------------------------------------------------
  r=1 (00000000 00000000 00000000 00000001)

State 10511 file devtable.c function pair_pending line 648 thread 0
----------------------------------------------------
  n=0 (00000000 00000000 00000000 00000000)

State 10513 file devtable.c function pair_pending line 647 thread 0
----------------------------------------------------
  r=2 (00000000 00000000 00000000 00000010)

State 10516 file devtable.c function pair_pending line 649 thread 0
----------------------------------------------------
  goto_symex$$return_value$$pair_pending=0 (00000000 00000000 00000000 00000000)

State 10518 file devtable.c function check_invariants line 756 thread 0
----------------------------------------------------
  return_value_pair_pending=0 (00000000 00000000 00000000 00000000)

State 10533 file devtable.c function check_invariants line 755 thread 0
----------------------------------------------------
  want=1 (00000000 00000000 00000000 00000001)

State 10536 file devtable.c function check_invariants line 743 thread 0
----------------------------------------------------
  d=2u (00000000 00000000 00000000 00000010)

State 10540 file devtable.c function check_invariants line 744 thread 0
----------------------------------------------------
  refs=0 (00000000 00000000 00000000 00000000)

State 10542 file devtable.c function check_invariants line 744 thread 0
----------------------------------------------------
  pins=0 (00000000 00000000 00000000 00000000)

State 10543 file devtable.c function check_invariants line 744 thread 0
----------------------------------------------------
  want=0 (00000000 00000000 00000000 00000000)

State 10544 file devtable.c function check_invariants line 746 thread 0
----------------------------------------------------
  i=0 (00000000 00000000 00000000 00000000)

State 10580 file devtable.c function check_invariants line 746 thread 0
----------------------------------------------------
  i=1 (00000000 00000000 00000000 00000001)

State 10617 file devtable.c function check_invariants line 746 thread 0
----------------------------------------------------
  i=2 (00000000 00000000 00000000 00000010)

State 10662 file devtable.c function check_invariants line 748 thread 0
----------------------------------------------------
  refs=2 (00000000 00000000 00000000 00000010)

State 10664 file devtable.c function check_invariants line 746 thread 0
----------------------------------------------------
  i=3 (00000000 00000000 00000000 00000011)

State 10701 file devtable.c function check_invariants line 746 thread 0
----------------------------------------------------
  i=4 (00000000 00000000 00000000 00000100)

State 10738 file devtable.c function check_invariants line 746 thread 0
----------------------------------------------------
  i=5 (00000000 00000000 00000000 00000101)

State 10741 file devtable.c function check_invariants line 749 thread 0
----------------------------------------------------
  c=0 (00000000 00000000 00000000 00000000)

State 10763 file devtable.c function check_invariants line 751 thread 0
----------------------------------------------------
  pins=1 (00000000 00000000 00000000 00000001)

State 10784 file devtable.c function check_invariants line 749 thread 0
----------------------------------------------------
  c=1 (00000000 00000000 00000000 00000001)

State 10790 file devtable.c function check_invariants line 756 thread 0
----------------------------------------------------
  s=0 (00000000 00000000 00000000 00000000)

State 10791 file devtable.c function check_invariants line 756 thread 0
----------------------------------------------------
  dev=2u (00000000 00000000 00000000 00000010)

State 10792 file devtable.c function pair_pending line 645 thread 0
----------------------------------------------------
  r=0 (00000000 00000000 00000000 00000000)

State 10794 file devtable.c function pair_pending line 645 thread 0
----------------------------------------------------
  n=0 (00000000 00000000 00000000 00000000)

State 10795 file devtable.c function pair_pending line 647 thread 0
----------------------------------------------------
  r=0 (00000000 00000000 00000000 00000000)

State 10804 file devtable.c function pair_pending line 648 thread 0
----------------------------------------------------
  n=1 (00000000 00000000 00000000 00000001)

State 10806 file devtable.c function pair_pending line 647 thread 0
----------------------------------------------------
  r=1 (00000000 00000000 00000000 00000001)

State 10816 file devtable.c function pair_pending line 648 thread 0
----------------------------------------------------
  n=1 (00000000 00000000 00000000 00000001)

State 10818 file devtable.c function pair_pending line 647 thread 0
----------------------------------------------------
  r=2 (00000000 00000000 00000000 00000010)

State 10821 file devtable.c function pair_pending line 649 thread 0
----------------------------------------------------
  goto_symex$$return_value$$pair_pending=1 (00000000 00000000 00000000 00000001)

State 10823 file devtable.c function check_invariants line 756 thread 0
----------------------------------------------------
  return_value_pair_pending=1 (00000000 00000000 00000000 00000001)

State 10838 file devtable.c function check_invariants line 755 thread 0
----------------------------------------------------
  want=2 (00000000 00000000 00000000 00000010)

State 10841 file devtable.c function check_invariants line 743 thread 0
----------------------------------------------------
  d=3u (00000000 00000000 00000000 00000011)

State 10845 file devtable.c function check_invariants line 725 thread 0
----------------------------------------------------
  s=1 (00000000 00000000 00000000 00000001)

State 10851 file devtable.c function check_invariants line 726 thread 0
----------------------------------------------------
  sb=&S1 (00000110 00000000 00000000 00000000 00000000 00000000 00000000 00000000)

State 10853 file devtable.c function check_invariants line 727 thread 0
----------------------------------------------------
  rows=0 (00000000 00000000 00000000 00000000)

State 10854 file devtable.c function check_invariants line 727 thread 0
----------------------------------------------------
  base=0 (00000000 00000000 00000000 00000000)

State 10856 file devtable.c function check_invariants line 727 thread 0
----------------------------------------------------
  sleepers=0 (00000000 00000000 00000000 00000000)

State 10870 file devtable.c function check_invariants line 731 thread 0
----------------------------------------------------
  i=0 (00000000 00000000 00000000 00000000)

State 10897 file devtable.c function check_invariants line 732 thread 0
----------------------------------------------------
  rows=0 (00000000 00000000 00000000 00000000)

State 10899 file devtable.c function check_invariants line 731 thread 0
----------------------------------------------------
  i=1 (00000000 00000000 00000000 00000001)

State 10927 file devtable.c function check_invariants line 732 thread 0
----------------------------------------------------
  rows=1 (00000000 00000000 00000000 00000001)

State 10929 file devtable.c function check_invariants line 731 thread 0
----------------------------------------------------
  i=2 (00000000 00000000 00000000 00000010)

State 10957 file devtable.c function check_invariants line 732 thread 0
----------------------------------------------------
  rows=1 (00000000 00000000 00000000 00000001)

State 10959 file devtable.c function check_invariants line 731 thread 0
----------------------------------------------------
  i=3 (00000000 00000000 00000000 00000011)

State 10987 file devtable.c function check_invariants line 732 thread 0
----------------------------------------------------
  rows=1 (00000000 00000000 00000000 00000001)

State 10989 file devtable.c function check_invariants line 731 thread 0
----------------------------------------------------
  i=4 (00000000 00000000 00000000 00000100)

State 11017 file devtable.c function check_invariants line 732 thread 0
----------------------------------------------------
  rows=1 (00000000 00000000 00000000 00000001)

State 11019 file devtable.c function check_invariants line 731 thread 0
----------------------------------------------------
  i=5 (00000000 00000000 00000000 00000101)

State 11022 file devtable.c function check_invariants line 733 thread 0
----------------------------------------------------
  c=0 (00000000 00000000 00000000 00000000)

State 11027 file devtable.c function check_invariants line 734 thread 0
----------------------------------------------------
  sleepers=0 (00000000 00000000 00000000 00000000)

State 11029 file devtable.c function check_invariants line 733 thread 0
----------------------------------------------------
  c=1 (00000000 00000000 00000000 00000001)

State 11038 file devtable.c function check_invariants line 735 thread 0
----------------------------------------------------
  base=1 (00000000 00000000 00000000 00000001)

State 11065 file devtable.c function check_invariants line 743 thread 0
----------------------------------------------------
  d=1u (00000000 00000000 00000000 00000001)

State 11068 file devtable.c function check_invariants line 744 thread 0
----------------------------------------------------
  refs=0 (00000000 00000000 00000000 00000000)

State 11070 file devtable.c function check_invariants line 744 thread 0
----------------------------------------------------
  pins=0 (00000000 00000000 00000000 00000000)

State 11071 file devtable.c function check_invariants line 744 thread 0
----------------------------------------------------
  want=0 (00000000 00000000 00000000 00000000)

State 11072 file devtable.c function check_invariants line 746 thread 0
----------------------------------------------------
  i=0 (00000000 00000000 00000000 00000000)

State 11108 file devtable.c function check_invariants line 746 thread 0
----------------------------------------------------
  i=1 (00000000 00000000 00000000 00000001)

State 11145 file devtable.c function check_invariants line 746 thread 0
----------------------------------------------------
  i=2 (00000000 00000000 00000000 00000010)

State 11182 file devtable.c function check_invariants line 746 thread 0
----------------------------------------------------
  i=3 (00000000 00000000 00000000 00000011)

State 11219 file devtable.c function check_invariants line 746 thread 0
----------------------------------------------------
  i=4 (00000000 00000000 00000000 00000100)

State 11256 file devtable.c function check_invariants line 746 thread 0
----------------------------------------------------
  i=5 (00000000 00000000 00000000 00000101)

State 11259 file devtable.c function check_invariants line 749 thread 0
----------------------------------------------------
  c=0 (00000000 00000000 00000000 00000000)

State 11300 file devtable.c function check_invariants line 749 thread 0
----------------------------------------------------
  c=1 (00000000 00000000 00000000 00000001)

State 11306 file devtable.c function check_invariants line 756 thread 0
----------------------------------------------------
  s=1 (00000000 00000000 00000000 00000001)

State 11307 file devtable.c function check_invariants line 756 thread 0
----------------------------------------------------
  dev=1u (00000000 00000000 00000000 00000001)

State 11308 file devtable.c function pair_pending line 645 thread 0
----------------------------------------------------
  r=0 (00000000 00000000 00000000 00000000)

State 11310 file devtable.c function pair_pending line 645 thread 0
----------------------------------------------------
  n=0 (00000000 00000000 00000000 00000000)

State 11311 file devtable.c function pair_pending line 647 thread 0
----------------------------------------------------
  r=0 (00000000 00000000 00000000 00000000)

State 11320 file devtable.c function pair_pending line 648 thread 0
----------------------------------------------------
  n=0 (00000000 00000000 00000000 00000000)

State 11322 file devtable.c function pair_pending line 647 thread 0
----------------------------------------------------
  r=1 (00000000 00000000 00000000 00000001)

State 11332 file devtable.c function pair_pending line 648 thread 0
----------------------------------------------------
  n=0 (00000000 00000000 00000000 00000000)

State 11334 file devtable.c function pair_pending line 647 thread 0
----------------------------------------------------
  r=2 (00000000 00000000 00000000 00000010)

State 11337 file devtable.c function pair_pending line 649 thread 0
----------------------------------------------------
  goto_symex$$return_value$$pair_pending=0 (00000000 00000000 00000000 00000000)

State 11339 file devtable.c function check_invariants line 756 thread 0
----------------------------------------------------
  return_value_pair_pending=0 (00000000 00000000 00000000 00000000)

State 11354 file devtable.c function check_invariants line 755 thread 0
----------------------------------------------------
  want=0 (00000000 00000000 00000000 00000000)

State 11357 file devtable.c function check_invariants line 743 thread 0
----------------------------------------------------
  d=2u (00000000 00000000 00000000 00000010)

State 11361 file devtable.c function check_invariants line 744 thread 0
----------------------------------------------------
  refs=0 (00000000 00000000 00000000 00000000)

State 11363 file devtable.c function check_invariants line 744 thread 0
----------------------------------------------------
  pins=0 (00000000 00000000 00000000 00000000)

State 11364 file devtable.c function check_invariants line 744 thread 0
----------------------------------------------------
  want=0 (00000000 00000000 00000000 00000000)

State 11365 file devtable.c function check_invariants line 746 thread 0
----------------------------------------------------
  i=0 (00000000 00000000 00000000 00000000)

State 11401 file devtable.c function check_invariants line 746 thread 0
----------------------------------------------------
  i=1 (00000000 00000000 00000000 00000001)

State 11446 file devtable.c function check_invariants line 748 thread 0
----------------------------------------------------
  refs=1 (00000000 00000000 00000000 00000001)

State 11448 file devtable.c function check_invariants line 746 thread 0
----------------------------------------------------
  i=2 (00000000 00000000 00000000 00000010)

State 11485 file devtable.c function check_invariants line 746 thread 0
----------------------------------------------------
  i=3 (00000000 00000000 00000000 00000011)

State 11522 file devtable.c function check_invariants line 746 thread 0
----------------------------------------------------
  i=4 (00000000 00000000 00000000 00000100)

State 11559 file devtable.c function check_invariants line 746 thread 0
----------------------------------------------------
  i=5 (00000000 00000000 00000000 00000101)

State 11562 file devtable.c function check_invariants line 749 thread 0
----------------------------------------------------
  c=0 (00000000 00000000 00000000 00000000)

State 11603 file devtable.c function check_invariants line 749 thread 0
----------------------------------------------------
  c=1 (00000000 00000000 00000000 00000001)

State 11609 file devtable.c function check_invariants line 756 thread 0
----------------------------------------------------
  s=1 (00000000 00000000 00000000 00000001)

State 11610 file devtable.c function check_invariants line 756 thread 0
----------------------------------------------------
  dev=2u (00000000 00000000 00000000 00000010)

State 11611 file devtable.c function pair_pending line 645 thread 0
----------------------------------------------------
  r=0 (00000000 00000000 00000000 00000000)

State 11613 file devtable.c function pair_pending line 645 thread 0
----------------------------------------------------
  n=0 (00000000 00000000 00000000 00000000)

State 11614 file devtable.c function pair_pending line 647 thread 0
----------------------------------------------------
  r=0 (00000000 00000000 00000000 00000000)

State 11623 file devtable.c function pair_pending line 648 thread 0
----------------------------------------------------
  n=0 (00000000 00000000 00000000 00000000)

State 11625 file devtable.c function pair_pending line 647 thread 0
----------------------------------------------------
  r=1 (00000000 00000000 00000000 00000001)

State 11635 file devtable.c function pair_pending line 648 thread 0
----------------------------------------------------
  n=0 (00000000 00000000 00000000 00000000)

State 11637 file devtable.c function pair_pending line 647 thread 0
----------------------------------------------------
  r=2 (00000000 00000000 00000000 00000010)

State 11640 file devtable.c function pair_pending line 649 thread 0
----------------------------------------------------
  goto_symex$$return_value$$pair_pending=0 (00000000 00000000 00000000 00000000)

State 11642 file devtable.c function check_invariants line 756 thread 0
----------------------------------------------------
  return_value_pair_pending=0 (00000000 00000000 00000000 00000000)

State 11657 file devtable.c function check_invariants line 755 thread 0
----------------------------------------------------
  want=1 (00000000 00000000 00000000 00000001)

State 11660 file devtable.c function check_invariants line 743 thread 0
----------------------------------------------------
  d=3u (00000000 00000000 00000000 00000011)

State 11664 file devtable.c function check_invariants line 725 thread 0
----------------------------------------------------
  s=2 (00000000 00000000 00000000 00000010)

State 11669 file devtable.c function main line 800 thread 0
----------------------------------------------------
  step=5 (00000000 00000000 00000000 00000101)

State 11674 file devtable.c function main line 801 thread 0
----------------------------------------------------
  return_value_nondet_int=4 (00000000 00000000 00000000 00000100)

State 11675 file devtable.c function main line 801 thread 0
----------------------------------------------------
  op=4 (00000000 00000000 00000000 00000100)

State 11678 file devtable.c function main line 802 thread 0
----------------------------------------------------
  return_value_nondet_int$0=1 (00000000 00000000 00000000 00000001)

State 11679 file devtable.c function main line 802 thread 0
----------------------------------------------------
  sa=1 (00000000 00000000 00000000 00000001)

State 11682 file devtable.c function main line 803 thread 0
----------------------------------------------------
  return_value_nondet_int$1=1 (00000000 00000000 00000000 00000001)

State 11683 file devtable.c function main line 803 thread 0
----------------------------------------------------
  da=1 (00000000 00000000 00000000 00000001)

State 11686 file devtable.c function main line 804 thread 0
----------------------------------------------------
  return_value_nondet_int$2=0 (00000000 00000000 00000000 00000000)

State 11687 file devtable.c function main line 804 thread 0
----------------------------------------------------
  xa=0 (00000000 00000000 00000000 00000000)

State 11689 file devtable.c function main line 805 thread 0
----------------------------------------------------
  ret=0 (00000000 00000000 00000000 00000000)

State 11690 file devtable.c function main line 806 thread 0
----------------------------------------------------
  sb=((struct super_block *)NULL) (00000000 00000000 00000000 00000000 00000000 00000000 00000000 00000000)

State 11691 file devtable.c function main line 807 thread 0
----------------------------------------------------
  dev=0u (00000000 00000000 00000000 00000000)

Assumption:
  file devtable.c line 809 function main
  op >= 0 && op < 15

Assumption:
  file devtable.c line 810 function main
  sa >= 0 && sa < 2

Assumption:
  file devtable.c line 811 function main
  da >= 1 && da <= 2

State 11697 file devtable.c function main line 812 thread 0
----------------------------------------------------
  sb=&S1 (00000110 00000000 00000000 00000000 00000000 00000000 00000000 00000000)

State 11698 file devtable.c function main line 813 thread 0
----------------------------------------------------
  dev=1u (00000000 00000000 00000000 00000001)

State 11701 file devtable.c function main line 814 thread 0
----------------------------------------------------
  log_op[5l]=4 (00000000 00000000 00000000 00000100)

State 11706 file devtable.c function main line 815 thread 0
----------------------------------------------------
  log_arg[5l]=11 (00000000 00000000 00000000 00001011)

State 11714 file devtable.c function main line 875 thread 0
----------------------------------------------------
  r=0 (00000000 00000000 00000000 00000000)

Assumption:
  file devtable.c line 877 function main
  r >= 0 && r < 2 && reg_state[(signed long int)r] != 0

State 11722 file devtable.c function main line 878 thread 0
----------------------------------------------------
  sb=&S0 (00001000 00000000 00000000 00000000 00000000 00000000 00000000 00000000)

State 11728 file devtable.c function main line 884 thread 0
----------------------------------------------------
  r=0 (00000000 00000000 00000000 00000000)

State 11732 file devtable.c function fs_bdev_register_check line 601 thread 0
----------------------------------------------------
  sb_dev=&E2 (00000100 00000000 00000000 00000000 00000000 00000000 00000000 00000000)

State 11734 file devtable.c function fs_bdev_register_check line 602 thread 0
----------------------------------------------------
  err=0 (00000000 00000000 00000000 00000000)

State 11736 file devtable.c function fs_bdev_register_check line 606 thread 0
----------------------------------------------------
  return_value_nondet_bool=TRUE (00000001)

State 11738 file devtable.c function fs_bdev_register_check line 607 thread 0
----------------------------------------------------
  err=-16 (11111111 11111111 11111111 11110000)

State 11741 file devtable.c function fs_bdev_register_check line 608 thread 0
----------------------------------------------------
  fsd=&E2 (00000100 00000000 00000000 00000000 00000000 00000000 00000000 00000000)

State 11746 file devtable.c function super_dev_put line 381 thread 0
----------------------------------------------------
  r=&E2.sd_ref (00000100 00000000 00000000 00000000 00000000 00000000 00000000 00010000)

State 11756 file devtable.c function refcount_dec_and_test line 229 thread 0
----------------------------------------------------
  tmp_pre=1 (00000000 00000000 00000000 00000001)

State 11757 file devtable.c function refcount_dec_and_test line 229 thread 0
----------------------------------------------------
  E2.sd_ref=1 (00000000 00000000 00000000 00000001)

State 11758 file devtable.c function refcount_dec_and_test line 229 thread 0
----------------------------------------------------
  goto_symex$$return_value$$refcount_dec_and_test=FALSE (00000000)

State 11760 file devtable.c function super_dev_put line 381 thread 0
----------------------------------------------------
  return_value_refcount_dec_and_test=FALSE (00000000)

State 11764 file devtable.c function fs_bdev_register_check line 612 thread 0
----------------------------------------------------
  goto_symex$$return_value$$fs_bdev_register_check=-16 (11111111 11111111 11111111 11110000)

State 11766 file devtable.c function main line 884 thread 0
----------------------------------------------------
  ret=-16 (11111111 11111111 11111111 11110000)

State 11770 file devtable.c function main line 887 thread 0
----------------------------------------------------
  reg_state[0l]=0 (00000000 00000000 00000000 00000000)

State 11771 file devtable.c function main line 887 thread 0
----------------------------------------------------
  reg_state[0l]=0 (00000000 00000000 00000000 00000000)

State 11772 file devtable.c function main line 887 thread 0
----------------------------------------------------
  reg_state[1l]=0 (00000000 00000000 00000000 00000000)

State 11776 file devtable.c function main line 1010 thread 0
----------------------------------------------------
  log_ret[5l]=-16 (11111111 11111111 11111111 11110000)

State 11779 file devtable.c function track_claims line 661 thread 0
----------------------------------------------------
  s=0 (00000000 00000000 00000000 00000000)

State 11780 file devtable.c function track_claims line 662 thread 0
----------------------------------------------------
  d=0u (00000000 00000000 00000000 00000000)

State 11781 file devtable.c function track_claims line 664 thread 0
----------------------------------------------------
  s=0 (00000000 00000000 00000000 00000000)

State 11783 file devtable.c function track_claims line 665 thread 0
----------------------------------------------------
  d=1u (00000000 00000000 00000000 00000001)

State 11789 file devtable.c function track_claims line 666 thread 0
----------------------------------------------------
  s=0 (00000000 00000000 00000000 00000000)

State 11790 file devtable.c function track_claims line 666 thread 0
----------------------------------------------------
  d=1u (00000000 00000000 00000000 00000001)

State 11794 file devtable.c function pair_claimed line 655 thread 0
----------------------------------------------------
  s=0 (00000000 00000000 00000000 00000000)

State 11795 file devtable.c function pair_claimed line 655 thread 0
----------------------------------------------------
  dev=1u (00000000 00000000 00000000 00000001)

State 11796 file devtable.c function pair_pending line 645 thread 0
----------------------------------------------------
  r=0 (00000000 00000000 00000000 00000000)

State 11798 file devtable.c function pair_pending line 645 thread 0
----------------------------------------------------
  n=0 (00000000 00000000 00000000 00000000)

State 11799 file devtable.c function pair_pending line 647 thread 0
----------------------------------------------------
  r=0 (00000000 00000000 00000000 00000000)

State 11808 file devtable.c function pair_pending line 648 thread 0
----------------------------------------------------
  n=0 (00000000 00000000 00000000 00000000)

State 11810 file devtable.c function pair_pending line 647 thread 0
----------------------------------------------------
  r=1 (00000000 00000000 00000000 00000001)

State 11820 file devtable.c function pair_pending line 648 thread 0
----------------------------------------------------
  n=0 (00000000 00000000 00000000 00000000)

State 11822 file devtable.c function pair_pending line 647 thread 0
----------------------------------------------------
  r=2 (00000000 00000000 00000000 00000010)

State 11825 file devtable.c function pair_pending line 649 thread 0
----------------------------------------------------
  goto_symex$$return_value$$pair_pending=0 (00000000 00000000 00000000 00000000)

State 11827 file devtable.c function pair_claimed line 655 thread 0
----------------------------------------------------
  return_value_pair_pending=0 (00000000 00000000 00000000 00000000)

State 11843 file devtable.c function pair_claimed line 655 thread 0
----------------------------------------------------
  goto_symex$$return_value$$pair_claimed=1 (00000000 00000000 00000000 00000001)

State 11845 file devtable.c function track_claims line 666 thread 0
----------------------------------------------------
  return_value_pair_claimed=1 (00000000 00000000 00000000 00000001)

State 11846 file devtable.c function track_claims line 666 thread 0
----------------------------------------------------
  now=1 (00000000 00000000 00000000 00000001)

State 11851 file devtable.c function track_claims line 669 thread 0
----------------------------------------------------
  unborn_drop[0l][1l]=0 (00000000 00000000 00000000 00000000)

State 11856 file devtable.c function track_claims line 672 thread 0
----------------------------------------------------
  was_claimed[0l][1l]=1 (00000000 00000000 00000000 00000001)

State 11857 file devtable.c function track_claims line 665 thread 0
----------------------------------------------------
  d=2u (00000000 00000000 00000000 00000010)

State 11864 file devtable.c function track_claims line 666 thread 0
----------------------------------------------------
  s=0 (00000000 00000000 00000000 00000000)

State 11865 file devtable.c function track_claims line 666 thread 0
----------------------------------------------------
  d=2u (00000000 00000000 00000000 00000010)

State 11869 file devtable.c function pair_claimed line 655 thread 0
----------------------------------------------------
  s=0 (00000000 00000000 00000000 00000000)

State 11870 file devtable.c function pair_claimed line 655 thread 0
----------------------------------------------------
  dev=2u (00000000 00000000 00000000 00000010)

State 11871 file devtable.c function pair_pending line 645 thread 0
----------------------------------------------------
  r=0 (00000000 00000000 00000000 00000000)

State 11873 file devtable.c function pair_pending line 645 thread 0
----------------------------------------------------
  n=0 (00000000 00000000 00000000 00000000)

State 11874 file devtable.c function pair_pending line 647 thread 0
----------------------------------------------------
  r=0 (00000000 00000000 00000000 00000000)

State 11883 file devtable.c function pair_pending line 648 thread 0
----------------------------------------------------
  n=0 (00000000 00000000 00000000 00000000)

State 11885 file devtable.c function pair_pending line 647 thread 0
----------------------------------------------------
  r=1 (00000000 00000000 00000000 00000001)

State 11895 file devtable.c function pair_pending line 648 thread 0
----------------------------------------------------
  n=0 (00000000 00000000 00000000 00000000)

State 11897 file devtable.c function pair_pending line 647 thread 0
----------------------------------------------------
  r=2 (00000000 00000000 00000000 00000010)

State 11900 file devtable.c function pair_pending line 649 thread 0
----------------------------------------------------
  goto_symex$$return_value$$pair_pending=0 (00000000 00000000 00000000 00000000)

State 11902 file devtable.c function pair_claimed line 655 thread 0
----------------------------------------------------
  return_value_pair_pending=0 (00000000 00000000 00000000 00000000)

State 11918 file devtable.c function pair_claimed line 655 thread 0
----------------------------------------------------
  goto_symex$$return_value$$pair_claimed=0 (00000000 00000000 00000000 00000000)

State 11920 file devtable.c function track_claims line 666 thread 0
----------------------------------------------------
  return_value_pair_claimed=0 (00000000 00000000 00000000 00000000)

State 11921 file devtable.c function track_claims line 666 thread 0
----------------------------------------------------
  now=0 (00000000 00000000 00000000 00000000)

State 11938 file devtable.c function track_claims line 671 thread 0
----------------------------------------------------
  unborn_drop[0l][2l]=1 (00000000 00000000 00000000 00000001)

State 11942 file devtable.c function track_claims line 672 thread 0
----------------------------------------------------
  was_claimed[0l][2l]=0 (00000000 00000000 00000000 00000000)

State 11943 file devtable.c function track_claims line 665 thread 0
----------------------------------------------------
  d=3u (00000000 00000000 00000000 00000011)

State 11947 file devtable.c function track_claims line 664 thread 0
----------------------------------------------------
  s=1 (00000000 00000000 00000000 00000001)

State 11950 file devtable.c function track_claims line 665 thread 0
----------------------------------------------------
  d=1u (00000000 00000000 00000000 00000001)

State 11956 file devtable.c function track_claims line 666 thread 0
----------------------------------------------------
  s=1 (00000000 00000000 00000000 00000001)

State 11957 file devtable.c function track_claims line 666 thread 0
----------------------------------------------------
  d=1u (00000000 00000000 00000000 00000001)

State 11961 file devtable.c function pair_claimed line 655 thread 0
----------------------------------------------------
  s=1 (00000000 00000000 00000000 00000001)

State 11962 file devtable.c function pair_claimed line 655 thread 0
----------------------------------------------------
  dev=1u (00000000 00000000 00000000 00000001)

State 11963 file devtable.c function pair_pending line 645 thread 0
----------------------------------------------------
  r=0 (00000000 00000000 00000000 00000000)

State 11965 file devtable.c function pair_pending line 645 thread 0
----------------------------------------------------
  n=0 (00000000 00000000 00000000 00000000)

State 11966 file devtable.c function pair_pending line 647 thread 0
----------------------------------------------------
  r=0 (00000000 00000000 00000000 00000000)

State 11975 file devtable.c function pair_pending line 648 thread 0
----------------------------------------------------
  n=0 (00000000 00000000 00000000 00000000)

State 11977 file devtable.c function pair_pending line 647 thread 0
----------------------------------------------------
  r=1 (00000000 00000000 00000000 00000001)

State 11987 file devtable.c function pair_pending line 648 thread 0
----------------------------------------------------
  n=0 (00000000 00000000 00000000 00000000)

State 11989 file devtable.c function pair_pending line 647 thread 0
----------------------------------------------------
  r=2 (00000000 00000000 00000000 00000010)

State 11992 file devtable.c function pair_pending line 649 thread 0
----------------------------------------------------
  goto_symex$$return_value$$pair_pending=0 (00000000 00000000 00000000 00000000)

State 11994 file devtable.c function pair_claimed line 655 thread 0
----------------------------------------------------
  return_value_pair_pending=0 (00000000 00000000 00000000 00000000)

State 12010 file devtable.c function pair_claimed line 655 thread 0
----------------------------------------------------
  goto_symex$$return_value$$pair_claimed=0 (00000000 00000000 00000000 00000000)

State 12012 file devtable.c function track_claims line 666 thread 0
----------------------------------------------------
  return_value_pair_claimed=0 (00000000 00000000 00000000 00000000)

State 12013 file devtable.c function track_claims line 666 thread 0
----------------------------------------------------
  now=0 (00000000 00000000 00000000 00000000)

State 12030 file devtable.c function track_claims line 672 thread 0
----------------------------------------------------
  was_claimed[1l][1l]=0 (00000000 00000000 00000000 00000000)

State 12031 file devtable.c function track_claims line 665 thread 0
----------------------------------------------------
  d=2u (00000000 00000000 00000000 00000010)

State 12038 file devtable.c function track_claims line 666 thread 0
----------------------------------------------------
  s=1 (00000000 00000000 00000000 00000001)

State 12039 file devtable.c function track_claims line 666 thread 0
----------------------------------------------------
  d=2u (00000000 00000000 00000000 00000010)

State 12043 file devtable.c function pair_claimed line 655 thread 0
----------------------------------------------------
  s=1 (00000000 00000000 00000000 00000001)

State 12044 file devtable.c function pair_claimed line 655 thread 0
----------------------------------------------------
  dev=2u (00000000 00000000 00000000 00000010)

State 12045 file devtable.c function pair_pending line 645 thread 0
----------------------------------------------------
  r=0 (00000000 00000000 00000000 00000000)

State 12047 file devtable.c function pair_pending line 645 thread 0
----------------------------------------------------
  n=0 (00000000 00000000 00000000 00000000)

State 12048 file devtable.c function pair_pending line 647 thread 0
----------------------------------------------------
  r=0 (00000000 00000000 00000000 00000000)

State 12057 file devtable.c function pair_pending line 648 thread 0
----------------------------------------------------
  n=0 (00000000 00000000 00000000 00000000)

State 12059 file devtable.c function pair_pending line 647 thread 0
----------------------------------------------------
  r=1 (00000000 00000000 00000000 00000001)

State 12069 file devtable.c function pair_pending line 648 thread 0
----------------------------------------------------
  n=0 (00000000 00000000 00000000 00000000)

State 12071 file devtable.c function pair_pending line 647 thread 0
----------------------------------------------------
  r=2 (00000000 00000000 00000000 00000010)

State 12074 file devtable.c function pair_pending line 649 thread 0
----------------------------------------------------
  goto_symex$$return_value$$pair_pending=0 (00000000 00000000 00000000 00000000)

State 12076 file devtable.c function pair_claimed line 655 thread 0
----------------------------------------------------
  return_value_pair_pending=0 (00000000 00000000 00000000 00000000)

State 12092 file devtable.c function pair_claimed line 655 thread 0
----------------------------------------------------
  goto_symex$$return_value$$pair_claimed=1 (00000000 00000000 00000000 00000001)

State 12094 file devtable.c function track_claims line 666 thread 0
----------------------------------------------------
  return_value_pair_claimed=1 (00000000 00000000 00000000 00000001)

State 12095 file devtable.c function track_claims line 666 thread 0
----------------------------------------------------
  now=1 (00000000 00000000 00000000 00000001)

State 12100 file devtable.c function track_claims line 669 thread 0
----------------------------------------------------
  unborn_drop[1l][2l]=0 (00000000 00000000 00000000 00000000)

State 12105 file devtable.c function track_claims line 672 thread 0
----------------------------------------------------
  was_claimed[1l][2l]=1 (00000000 00000000 00000000 00000001)

State 12106 file devtable.c function track_claims line 665 thread 0
----------------------------------------------------
  d=3u (00000000 00000000 00000000 00000011)

State 12110 file devtable.c function track_claims line 664 thread 0
----------------------------------------------------
  s=2 (00000000 00000000 00000000 00000010)

State 12116 file devtable.c function check_invariants line 703 thread 0
----------------------------------------------------
  s=0 (00000000 00000000 00000000 00000000)

State 12117 file devtable.c function check_invariants line 703 thread 0
----------------------------------------------------
  i=0 (00000000 00000000 00000000 00000000)

State 12118 file devtable.c function check_invariants line 703 thread 0
----------------------------------------------------
  c=0 (00000000 00000000 00000000 00000000)

State 12119 file devtable.c function check_invariants line 704 thread 0
----------------------------------------------------
  d=0u (00000000 00000000 00000000 00000000)

State 12120 file devtable.c function check_invariants line 706 thread 0
----------------------------------------------------
  c=0 (00000000 00000000 00000000 00000000)

State 12126 file devtable.c function check_invariants line 707 thread 0
----------------------------------------------------
  p=&E2 (00000100 00000000 00000000 00000000 00000000 00000000 00000000 00000000)

State 12127 file devtable.c function check_pin line 684 thread 0
----------------------------------------------------
  sb=((struct super_block *)NULL) (00000000 00000000 00000000 00000000 00000000 00000000 00000000 00000000)

State 12154 file devtable.c function check_pin line 690 thread 0
----------------------------------------------------
  sb=&S0 (00001000 00000000 00000000 00000000 00000000 00000000 00000000 00000000)

State 12173 file devtable.c function check_invariants line 708 thread 0
----------------------------------------------------
  p=((struct super_dev *)NULL) (00000000 00000000 00000000 00000000 00000000 00000000 00000000 00000000)

State 12174 file devtable.c function check_pin line 684 thread 0
----------------------------------------------------
  sb=((struct super_block *)NULL) (00000000 00000000 00000000 00000000 00000000 00000000 00000000 00000000)

State 12179 file devtable.c function check_invariants line 706 thread 0
----------------------------------------------------
  c=1 (00000000 00000000 00000000 00000001)

State 12182 file devtable.c function check_invariants line 711 thread 0
----------------------------------------------------
  i=0 (00000000 00000000 00000000 00000000)

State 12187 file devtable.c function check_invariants line 712 thread 0
----------------------------------------------------
  e=&E0 (00000111 00000000 00000000 00000000 00000000 00000000 00000000 00000000)

State 12257 file devtable.c function check_invariants line 711 thread 0
----------------------------------------------------
  i=1 (00000000 00000000 00000000 00000001)

State 12263 file devtable.c function check_invariants line 712 thread 0
----------------------------------------------------
  e=&E1 (00000101 00000000 00000000 00000000 00000000 00000000 00000000 00000000)

State 12333 file devtable.c function check_invariants line 711 thread 0
----------------------------------------------------
  i=2 (00000000 00000000 00000000 00000010)

State 12339 file devtable.c function check_invariants line 712 thread 0
----------------------------------------------------
  e=&E2 (00000100 00000000 00000000 00000000 00000000 00000000 00000000 00000000)

State 12409 file devtable.c function check_invariants line 711 thread 0
----------------------------------------------------
  i=3 (00000000 00000000 00000000 00000011)

State 12415 file devtable.c function check_invariants line 712 thread 0
----------------------------------------------------
  e=&E3 (00000011 00000000 00000000 00000000 00000000 00000000 00000000 00000000)

State 12425 file devtable.c function check_invariants line 711 thread 0
----------------------------------------------------
  i=4 (00000000 00000000 00000000 00000100)

State 12431 file devtable.c function check_invariants line 712 thread 0
----------------------------------------------------
  e=&E4 (00000010 00000000 00000000 00000000 00000000 00000000 00000000 00000000)

State 12441 file devtable.c function check_invariants line 711 thread 0
----------------------------------------------------
  i=5 (00000000 00000000 00000000 00000101)

State 12444 file devtable.c function check_invariants line 725 thread 0
----------------------------------------------------
  s=0 (00000000 00000000 00000000 00000000)

State 12449 file devtable.c function check_invariants line 726 thread 0
----------------------------------------------------
  sb=&S0 (00001000 00000000 00000000 00000000 00000000 00000000 00000000 00000000)

State 12451 file devtable.c function check_invariants line 727 thread 0
----------------------------------------------------
  rows=0 (00000000 00000000 00000000 00000000)

State 12452 file devtable.c function check_invariants line 727 thread 0
----------------------------------------------------
  base=0 (00000000 00000000 00000000 00000000)

State 12454 file devtable.c function check_invariants line 727 thread 0
----------------------------------------------------
  sleepers=0 (00000000 00000000 00000000 00000000)

State 12468 file devtable.c function check_invariants line 731 thread 0
----------------------------------------------------
  i=0 (00000000 00000000 00000000 00000000)

State 12495 file devtable.c function check_invariants line 732 thread 0
----------------------------------------------------
  rows=1 (00000000 00000000 00000000 00000001)

State 12497 file devtable.c function check_invariants line 731 thread 0
----------------------------------------------------
  i=1 (00000000 00000000 00000000 00000001)

State 12525 file devtable.c function check_invariants line 732 thread 0
----------------------------------------------------
  rows=1 (00000000 00000000 00000000 00000001)

State 12527 file devtable.c function check_invariants line 731 thread 0
----------------------------------------------------
  i=2 (00000000 00000000 00000000 00000010)

State 12555 file devtable.c function check_invariants line 732 thread 0
----------------------------------------------------
  rows=2 (00000000 00000000 00000000 00000010)

State 12557 file devtable.c function check_invariants line 731 thread 0
----------------------------------------------------
  i=3 (00000000 00000000 00000000 00000011)

State 12585 file devtable.c function check_invariants line 732 thread 0
----------------------------------------------------
  rows=2 (00000000 00000000 00000000 00000010)

State 12587 file devtable.c function check_invariants line 731 thread 0
----------------------------------------------------
  i=4 (00000000 00000000 00000000 00000100)

State 12615 file devtable.c function check_invariants line 732 thread 0
----------------------------------------------------
  rows=2 (00000000 00000000 00000000 00000010)

State 12617 file devtable.c function check_invariants line 731 thread 0
----------------------------------------------------
  i=5 (00000000 00000000 00000000 00000101)

State 12620 file devtable.c function check_invariants line 733 thread 0
----------------------------------------------------
  c=0 (00000000 00000000 00000000 00000000)

State 12625 file devtable.c function check_invariants line 734 thread 0
----------------------------------------------------
  sleepers=0 (00000000 00000000 00000000 00000000)

State 12627 file devtable.c function check_invariants line 733 thread 0
----------------------------------------------------
  c=1 (00000000 00000000 00000000 00000001)

State 12636 file devtable.c function check_invariants line 735 thread 0
----------------------------------------------------
  base=1 (00000000 00000000 00000000 00000001)

State 12663 file devtable.c function check_invariants line 743 thread 0
----------------------------------------------------
  d=1u (00000000 00000000 00000000 00000001)

State 12666 file devtable.c function check_invariants line 744 thread 0
----------------------------------------------------
  refs=0 (00000000 00000000 00000000 00000000)

State 12668 file devtable.c function check_invariants line 744 thread 0
----------------------------------------------------
  pins=0 (00000000 00000000 00000000 00000000)

State 12669 file devtable.c function check_invariants line 744 thread 0
----------------------------------------------------
  want=0 (00000000 00000000 00000000 00000000)

State 12670 file devtable.c function check_invariants line 746 thread 0
----------------------------------------------------
  i=0 (00000000 00000000 00000000 00000000)

State 12714 file devtable.c function check_invariants line 748 thread 0
----------------------------------------------------
  refs=1 (00000000 00000000 00000000 00000001)

State 12716 file devtable.c function check_invariants line 746 thread 0
----------------------------------------------------
  i=1 (00000000 00000000 00000000 00000001)

State 12753 file devtable.c function check_invariants line 746 thread 0
----------------------------------------------------
  i=2 (00000000 00000000 00000000 00000010)

State 12790 file devtable.c function check_invariants line 746 thread 0
----------------------------------------------------
  i=3 (00000000 00000000 00000000 00000011)

State 12827 file devtable.c function check_invariants line 746 thread 0
----------------------------------------------------
  i=4 (00000000 00000000 00000000 00000100)

State 12864 file devtable.c function check_invariants line 746 thread 0
----------------------------------------------------
  i=5 (00000000 00000000 00000000 00000101)

State 12867 file devtable.c function check_invariants line 749 thread 0
----------------------------------------------------
  c=0 (00000000 00000000 00000000 00000000)

State 12908 file devtable.c function check_invariants line 749 thread 0
----------------------------------------------------
  c=1 (00000000 00000000 00000000 00000001)

State 12914 file devtable.c function check_invariants line 756 thread 0
----------------------------------------------------
  s=0 (00000000 00000000 00000000 00000000)

State 12915 file devtable.c function check_invariants line 756 thread 0
----------------------------------------------------
  dev=1u (00000000 00000000 00000000 00000001)

State 12916 file devtable.c function pair_pending line 645 thread 0
----------------------------------------------------
  r=0 (00000000 00000000 00000000 00000000)

State 12918 file devtable.c function pair_pending line 645 thread 0
----------------------------------------------------
  n=0 (00000000 00000000 00000000 00000000)

State 12919 file devtable.c function pair_pending line 647 thread 0
----------------------------------------------------
  r=0 (00000000 00000000 00000000 00000000)

State 12928 file devtable.c function pair_pending line 648 thread 0
----------------------------------------------------
  n=0 (00000000 00000000 00000000 00000000)

State 12930 file devtable.c function pair_pending line 647 thread 0
----------------------------------------------------
  r=1 (00000000 00000000 00000000 00000001)

State 12940 file devtable.c function pair_pending line 648 thread 0
----------------------------------------------------
  n=0 (00000000 00000000 00000000 00000000)

State 12942 file devtable.c function pair_pending line 647 thread 0
----------------------------------------------------
  r=2 (00000000 00000000 00000000 00000010)

State 12945 file devtable.c function pair_pending line 649 thread 0
----------------------------------------------------
  goto_symex$$return_value$$pair_pending=0 (00000000 00000000 00000000 00000000)

State 12947 file devtable.c function check_invariants line 756 thread 0
----------------------------------------------------
  return_value_pair_pending=0 (00000000 00000000 00000000 00000000)

State 12962 file devtable.c function check_invariants line 755 thread 0
----------------------------------------------------
  want=1 (00000000 00000000 00000000 00000001)

State 12965 file devtable.c function check_invariants line 743 thread 0
----------------------------------------------------
  d=2u (00000000 00000000 00000000 00000010)

State 12969 file devtable.c function check_invariants line 744 thread 0
----------------------------------------------------
  refs=0 (00000000 00000000 00000000 00000000)

State 12971 file devtable.c function check_invariants line 744 thread 0
----------------------------------------------------
  pins=0 (00000000 00000000 00000000 00000000)

State 12972 file devtable.c function check_invariants line 744 thread 0
----------------------------------------------------
  want=0 (00000000 00000000 00000000 00000000)

State 12973 file devtable.c function check_invariants line 746 thread 0
----------------------------------------------------
  i=0 (00000000 00000000 00000000 00000000)

State 13009 file devtable.c function check_invariants line 746 thread 0
----------------------------------------------------
  i=1 (00000000 00000000 00000000 00000001)

State 13046 file devtable.c function check_invariants line 746 thread 0
----------------------------------------------------
  i=2 (00000000 00000000 00000000 00000010)

State 13091 file devtable.c function check_invariants line 748 thread 0
----------------------------------------------------
  refs=1 (00000000 00000000 00000000 00000001)

State 13093 file devtable.c function check_invariants line 746 thread 0
----------------------------------------------------
  i=3 (00000000 00000000 00000000 00000011)

State 13130 file devtable.c function check_invariants line 746 thread 0
----------------------------------------------------
  i=4 (00000000 00000000 00000000 00000100)

State 13167 file devtable.c function check_invariants line 746 thread 0
----------------------------------------------------
  i=5 (00000000 00000000 00000000 00000101)

State 13170 file devtable.c function check_invariants line 749 thread 0
----------------------------------------------------
  c=0 (00000000 00000000 00000000 00000000)

State 13192 file devtable.c function check_invariants line 751 thread 0
----------------------------------------------------
  pins=1 (00000000 00000000 00000000 00000001)

State 13213 file devtable.c function check_invariants line 749 thread 0
----------------------------------------------------
  c=1 (00000000 00000000 00000000 00000001)

State 13219 file devtable.c function check_invariants line 756 thread 0
----------------------------------------------------
  s=0 (00000000 00000000 00000000 00000000)

State 13220 file devtable.c function check_invariants line 756 thread 0
----------------------------------------------------
  dev=2u (00000000 00000000 00000000 00000010)

State 13221 file devtable.c function pair_pending line 645 thread 0
----------------------------------------------------
  r=0 (00000000 00000000 00000000 00000000)

State 13223 file devtable.c function pair_pending line 645 thread 0
----------------------------------------------------
  n=0 (00000000 00000000 00000000 00000000)

State 13224 file devtable.c function pair_pending line 647 thread 0
----------------------------------------------------
  r=0 (00000000 00000000 00000000 00000000)

State 13233 file devtable.c function pair_pending line 648 thread 0
----------------------------------------------------
  n=0 (00000000 00000000 00000000 00000000)

State 13235 file devtable.c function pair_pending line 647 thread 0
----------------------------------------------------
  r=1 (00000000 00000000 00000000 00000001)

State 13245 file devtable.c function pair_pending line 648 thread 0
----------------------------------------------------
  n=0 (00000000 00000000 00000000 00000000)

State 13247 file devtable.c function pair_pending line 647 thread 0
----------------------------------------------------
  r=2 (00000000 00000000 00000000 00000010)

State 13250 file devtable.c function pair_pending line 649 thread 0
----------------------------------------------------
  goto_symex$$return_value$$pair_pending=0 (00000000 00000000 00000000 00000000)

State 13252 file devtable.c function check_invariants line 756 thread 0
----------------------------------------------------
  return_value_pair_pending=0 (00000000 00000000 00000000 00000000)

State 13267 file devtable.c function check_invariants line 755 thread 0
----------------------------------------------------
  want=1 (00000000 00000000 00000000 00000001)

State 13270 file devtable.c function check_invariants line 743 thread 0
----------------------------------------------------
  d=3u (00000000 00000000 00000000 00000011)

State 13274 file devtable.c function check_invariants line 725 thread 0
----------------------------------------------------
  s=1 (00000000 00000000 00000000 00000001)

State 13280 file devtable.c function check_invariants line 726 thread 0
----------------------------------------------------
  sb=&S1 (00000110 00000000 00000000 00000000 00000000 00000000 00000000 00000000)

State 13282 file devtable.c function check_invariants line 727 thread 0
----------------------------------------------------
  rows=0 (00000000 00000000 00000000 00000000)

State 13283 file devtable.c function check_invariants line 727 thread 0
----------------------------------------------------
  base=0 (00000000 00000000 00000000 00000000)

State 13285 file devtable.c function check_invariants line 727 thread 0
----------------------------------------------------
  sleepers=0 (00000000 00000000 00000000 00000000)

State 13299 file devtable.c function check_invariants line 731 thread 0
----------------------------------------------------
  i=0 (00000000 00000000 00000000 00000000)

State 13326 file devtable.c function check_invariants line 732 thread 0
----------------------------------------------------
  rows=0 (00000000 00000000 00000000 00000000)

State 13328 file devtable.c function check_invariants line 731 thread 0
----------------------------------------------------
  i=1 (00000000 00000000 00000000 00000001)

State 13356 file devtable.c function check_invariants line 732 thread 0
----------------------------------------------------
  rows=1 (00000000 00000000 00000000 00000001)

State 13358 file devtable.c function check_invariants line 731 thread 0
----------------------------------------------------
  i=2 (00000000 00000000 00000000 00000010)

State 13386 file devtable.c function check_invariants line 732 thread 0
----------------------------------------------------
  rows=1 (00000000 00000000 00000000 00000001)

State 13388 file devtable.c function check_invariants line 731 thread 0
----------------------------------------------------
  i=3 (00000000 00000000 00000000 00000011)

State 13416 file devtable.c function check_invariants line 732 thread 0
----------------------------------------------------
  rows=1 (00000000 00000000 00000000 00000001)

State 13418 file devtable.c function check_invariants line 731 thread 0
----------------------------------------------------
  i=4 (00000000 00000000 00000000 00000100)

State 13446 file devtable.c function check_invariants line 732 thread 0
----------------------------------------------------
  rows=1 (00000000 00000000 00000000 00000001)

State 13448 file devtable.c function check_invariants line 731 thread 0
----------------------------------------------------
  i=5 (00000000 00000000 00000000 00000101)

State 13451 file devtable.c function check_invariants line 733 thread 0
----------------------------------------------------
  c=0 (00000000 00000000 00000000 00000000)

State 13456 file devtable.c function check_invariants line 734 thread 0
----------------------------------------------------
  sleepers=0 (00000000 00000000 00000000 00000000)

State 13458 file devtable.c function check_invariants line 733 thread 0
----------------------------------------------------
  c=1 (00000000 00000000 00000000 00000001)

State 13467 file devtable.c function check_invariants line 735 thread 0
----------------------------------------------------
  base=1 (00000000 00000000 00000000 00000001)

State 13494 file devtable.c function check_invariants line 743 thread 0
----------------------------------------------------
  d=1u (00000000 00000000 00000000 00000001)

State 13497 file devtable.c function check_invariants line 744 thread 0
----------------------------------------------------
  refs=0 (00000000 00000000 00000000 00000000)

State 13499 file devtable.c function check_invariants line 744 thread 0
----------------------------------------------------
  pins=0 (00000000 00000000 00000000 00000000)

State 13500 file devtable.c function check_invariants line 744 thread 0
----------------------------------------------------
  want=0 (00000000 00000000 00000000 00000000)

State 13501 file devtable.c function check_invariants line 746 thread 0
----------------------------------------------------
  i=0 (00000000 00000000 00000000 00000000)

State 13537 file devtable.c function check_invariants line 746 thread 0
----------------------------------------------------
  i=1 (00000000 00000000 00000000 00000001)

State 13574 file devtable.c function check_invariants line 746 thread 0
----------------------------------------------------
  i=2 (00000000 00000000 00000000 00000010)

State 13611 file devtable.c function check_invariants line 746 thread 0
----------------------------------------------------
  i=3 (00000000 00000000 00000000 00000011)

State 13648 file devtable.c function check_invariants line 746 thread 0
----------------------------------------------------
  i=4 (00000000 00000000 00000000 00000100)

State 13685 file devtable.c function check_invariants line 746 thread 0
----------------------------------------------------
  i=5 (00000000 00000000 00000000 00000101)

State 13688 file devtable.c function check_invariants line 749 thread 0
----------------------------------------------------
  c=0 (00000000 00000000 00000000 00000000)

State 13729 file devtable.c function check_invariants line 749 thread 0
----------------------------------------------------
  c=1 (00000000 00000000 00000000 00000001)

State 13735 file devtable.c function check_invariants line 756 thread 0
----------------------------------------------------
  s=1 (00000000 00000000 00000000 00000001)

State 13736 file devtable.c function check_invariants line 756 thread 0
----------------------------------------------------
  dev=1u (00000000 00000000 00000000 00000001)

State 13737 file devtable.c function pair_pending line 645 thread 0
----------------------------------------------------
  r=0 (00000000 00000000 00000000 00000000)

State 13739 file devtable.c function pair_pending line 645 thread 0
----------------------------------------------------
  n=0 (00000000 00000000 00000000 00000000)

State 13740 file devtable.c function pair_pending line 647 thread 0
----------------------------------------------------
  r=0 (00000000 00000000 00000000 00000000)

State 13749 file devtable.c function pair_pending line 648 thread 0
----------------------------------------------------
  n=0 (00000000 00000000 00000000 00000000)

State 13751 file devtable.c function pair_pending line 647 thread 0
----------------------------------------------------
  r=1 (00000000 00000000 00000000 00000001)

State 13761 file devtable.c function pair_pending line 648 thread 0
----------------------------------------------------
  n=0 (00000000 00000000 00000000 00000000)

State 13763 file devtable.c function pair_pending line 647 thread 0
----------------------------------------------------
  r=2 (00000000 00000000 00000000 00000010)

State 13766 file devtable.c function pair_pending line 649 thread 0
----------------------------------------------------
  goto_symex$$return_value$$pair_pending=0 (00000000 00000000 00000000 00000000)

State 13768 file devtable.c function check_invariants line 756 thread 0
----------------------------------------------------
  return_value_pair_pending=0 (00000000 00000000 00000000 00000000)

State 13783 file devtable.c function check_invariants line 755 thread 0
----------------------------------------------------
  want=0 (00000000 00000000 00000000 00000000)

State 13786 file devtable.c function check_invariants line 743 thread 0
----------------------------------------------------
  d=2u (00000000 00000000 00000000 00000010)

State 13790 file devtable.c function check_invariants line 744 thread 0
----------------------------------------------------
  refs=0 (00000000 00000000 00000000 00000000)

State 13792 file devtable.c function check_invariants line 744 thread 0
----------------------------------------------------
  pins=0 (00000000 00000000 00000000 00000000)

State 13793 file devtable.c function check_invariants line 744 thread 0
----------------------------------------------------
  want=0 (00000000 00000000 00000000 00000000)

State 13794 file devtable.c function check_invariants line 746 thread 0
----------------------------------------------------
  i=0 (00000000 00000000 00000000 00000000)

State 13830 file devtable.c function check_invariants line 746 thread 0
----------------------------------------------------
  i=1 (00000000 00000000 00000000 00000001)

State 13875 file devtable.c function check_invariants line 748 thread 0
----------------------------------------------------
  refs=1 (00000000 00000000 00000000 00000001)

State 13877 file devtable.c function check_invariants line 746 thread 0
----------------------------------------------------
  i=2 (00000000 00000000 00000000 00000010)

State 13914 file devtable.c function check_invariants line 746 thread 0
----------------------------------------------------
  i=3 (00000000 00000000 00000000 00000011)

State 13951 file devtable.c function check_invariants line 746 thread 0
----------------------------------------------------
  i=4 (00000000 00000000 00000000 00000100)

State 13988 file devtable.c function check_invariants line 746 thread 0
----------------------------------------------------
  i=5 (00000000 00000000 00000000 00000101)

State 13991 file devtable.c function check_invariants line 749 thread 0
----------------------------------------------------
  c=0 (00000000 00000000 00000000 00000000)

State 14032 file devtable.c function check_invariants line 749 thread 0
----------------------------------------------------
  c=1 (00000000 00000000 00000000 00000001)

State 14038 file devtable.c function check_invariants line 756 thread 0
----------------------------------------------------
  s=1 (00000000 00000000 00000000 00000001)

State 14039 file devtable.c function check_invariants line 756 thread 0
----------------------------------------------------
  dev=2u (00000000 00000000 00000000 00000010)

State 14040 file devtable.c function pair_pending line 645 thread 0
----------------------------------------------------
  r=0 (00000000 00000000 00000000 00000000)

State 14042 file devtable.c function pair_pending line 645 thread 0
----------------------------------------------------
  n=0 (00000000 00000000 00000000 00000000)

State 14043 file devtable.c function pair_pending line 647 thread 0
----------------------------------------------------
  r=0 (00000000 00000000 00000000 00000000)

State 14052 file devtable.c function pair_pending line 648 thread 0
----------------------------------------------------
  n=0 (00000000 00000000 00000000 00000000)

State 14054 file devtable.c function pair_pending line 647 thread 0
----------------------------------------------------
  r=1 (00000000 00000000 00000000 00000001)

State 14064 file devtable.c function pair_pending line 648 thread 0
----------------------------------------------------
  n=0 (00000000 00000000 00000000 00000000)

State 14066 file devtable.c function pair_pending line 647 thread 0
----------------------------------------------------
  r=2 (00000000 00000000 00000000 00000010)

State 14069 file devtable.c function pair_pending line 649 thread 0
----------------------------------------------------
  goto_symex$$return_value$$pair_pending=0 (00000000 00000000 00000000 00000000)

State 14071 file devtable.c function check_invariants line 756 thread 0
----------------------------------------------------
  return_value_pair_pending=0 (00000000 00000000 00000000 00000000)

State 14086 file devtable.c function check_invariants line 755 thread 0
----------------------------------------------------
  want=1 (00000000 00000000 00000000 00000001)

State 14089 file devtable.c function check_invariants line 743 thread 0
----------------------------------------------------
  d=3u (00000000 00000000 00000000 00000011)

State 14093 file devtable.c function check_invariants line 725 thread 0
----------------------------------------------------
  s=2 (00000000 00000000 00000000 00000010)

State 14098 file devtable.c function main line 800 thread 0
----------------------------------------------------
  step=6 (00000000 00000000 00000000 00000110)

State 14103 file devtable.c function main line 801 thread 0
----------------------------------------------------
  return_value_nondet_int=13 (00000000 00000000 00000000 00001101)

State 14104 file devtable.c function main line 801 thread 0
----------------------------------------------------
  op=13 (00000000 00000000 00000000 00001101)

State 14107 file devtable.c function main line 802 thread 0
----------------------------------------------------
  return_value_nondet_int$0=0 (00000000 00000000 00000000 00000000)

State 14108 file devtable.c function main line 802 thread 0
----------------------------------------------------
  sa=0 (00000000 00000000 00000000 00000000)

State 14111 file devtable.c function main line 803 thread 0
----------------------------------------------------
  return_value_nondet_int$1=2 (00000000 00000000 00000000 00000010)

State 14112 file devtable.c function main line 803 thread 0
----------------------------------------------------
  da=2 (00000000 00000000 00000000 00000010)

State 14115 file devtable.c function main line 804 thread 0
----------------------------------------------------
  return_value_nondet_int$2=-2147483648 (10000000 00000000 00000000 00000000)

State 14116 file devtable.c function main line 804 thread 0
----------------------------------------------------
  xa=-2147483648 (10000000 00000000 00000000 00000000)

State 14118 file devtable.c function main line 805 thread 0
----------------------------------------------------
  ret=0 (00000000 00000000 00000000 00000000)

State 14119 file devtable.c function main line 806 thread 0
----------------------------------------------------
  sb=((struct super_block *)NULL) (00000000 00000000 00000000 00000000 00000000 00000000 00000000 00000000)

State 14120 file devtable.c function main line 807 thread 0
----------------------------------------------------
  dev=0u (00000000 00000000 00000000 00000000)

Assumption:
  file devtable.c line 809 function main
  op >= 0 && op < 15

Assumption:
  file devtable.c line 810 function main
  sa >= 0 && sa < 2

Assumption:
  file devtable.c line 811 function main
  da >= 1 && da <= 2

State 14126 file devtable.c function main line 812 thread 0
----------------------------------------------------
  sb=&S0 (00001000 00000000 00000000 00000000 00000000 00000000 00000000 00000000)

State 14127 file devtable.c function main line 813 thread 0
----------------------------------------------------
  dev=2u (00000000 00000000 00000000 00000010)

State 14130 file devtable.c function main line 814 thread 0
----------------------------------------------------
  log_op[6l]=13 (00000000 00000000 00000000 00001101)

State 14135 file devtable.c function main line 815 thread 0
----------------------------------------------------
  log_arg[6l]=2 (00000000 00000000 00000000 00000010)

Assumption:
  file devtable.c line 973 function main
  sb->m_state == 1 && !((sb->s_flags & 1ul << 29) != 0ul)

State 14163 file devtable.c function main line 974 thread 0
----------------------------------------------------
  s=0 (00000000 00000000 00000000 00000000)

State 14164 file devtable.c function sb_busy line 634 thread 0
----------------------------------------------------
  r=0 (00000000 00000000 00000000 00000000)

State 14166 file devtable.c function sb_busy line 634 thread 0
----------------------------------------------------
  n=0 (00000000 00000000 00000000 00000000)

State 14167 file devtable.c function sb_busy line 636 thread 0
----------------------------------------------------
  r=0 (00000000 00000000 00000000 00000000)

State 14174 file devtable.c function sb_busy line 637 thread 0
----------------------------------------------------
  n=0 (00000000 00000000 00000000 00000000)

State 14176 file devtable.c function sb_busy line 636 thread 0
----------------------------------------------------
  r=1 (00000000 00000000 00000000 00000001)

State 14184 file devtable.c function sb_busy line 637 thread 0
----------------------------------------------------
  n=0 (00000000 00000000 00000000 00000000)

State 14186 file devtable.c function sb_busy line 636 thread 0
----------------------------------------------------
  r=2 (00000000 00000000 00000000 00000010)

State 14190 file devtable.c function sb_busy line 638 thread 0
----------------------------------------------------
  n=0 (00000000 00000000 00000000 00000000)

State 14191 file devtable.c function sb_busy line 639 thread 0
----------------------------------------------------
  goto_symex$$return_value$$sb_busy=0 (00000000 00000000 00000000 00000000)

State 14193 file devtable.c function main line 974 thread 0
----------------------------------------------------
  return_value_sb_busy$1=0 (00000000 00000000 00000000 00000000)

Assumption:
  file devtable.c line 974 function main
  !(return_value_sb_busy$1 != 0)

State 14201 file devtable.c function main line 975 thread 0
----------------------------------------------------
  S0.s_flags=536870912ul (00000000 00000000 00000000 00000000 00100000 00000000 00000000 00000000)

State 14205 file devtable.c function main line 1010 thread 0
----------------------------------------------------
  log_ret[6l]=0 (00000000 00000000 00000000 00000000)

State 14208 file devtable.c function track_claims line 661 thread 0
----------------------------------------------------
  s=0 (00000000 00000000 00000000 00000000)

State 14209 file devtable.c function track_claims line 662 thread 0
----------------------------------------------------
  d=0u (00000000 00000000 00000000 00000000)

State 14210 file devtable.c function track_claims line 664 thread 0
----------------------------------------------------
  s=0 (00000000 00000000 00000000 00000000)

State 14212 file devtable.c function track_claims line 665 thread 0
----------------------------------------------------
  d=1u (00000000 00000000 00000000 00000001)

State 14218 file devtable.c function track_claims line 666 thread 0
----------------------------------------------------
  s=0 (00000000 00000000 00000000 00000000)

State 14219 file devtable.c function track_claims line 666 thread 0
----------------------------------------------------
  d=1u (00000000 00000000 00000000 00000001)

State 14223 file devtable.c function pair_claimed line 655 thread 0
----------------------------------------------------
  s=0 (00000000 00000000 00000000 00000000)

State 14224 file devtable.c function pair_claimed line 655 thread 0
----------------------------------------------------
  dev=1u (00000000 00000000 00000000 00000001)

State 14225 file devtable.c function pair_pending line 645 thread 0
----------------------------------------------------
  r=0 (00000000 00000000 00000000 00000000)

State 14227 file devtable.c function pair_pending line 645 thread 0
----------------------------------------------------
  n=0 (00000000 00000000 00000000 00000000)

State 14228 file devtable.c function pair_pending line 647 thread 0
----------------------------------------------------
  r=0 (00000000 00000000 00000000 00000000)

State 14237 file devtable.c function pair_pending line 648 thread 0
----------------------------------------------------
  n=0 (00000000 00000000 00000000 00000000)

State 14239 file devtable.c function pair_pending line 647 thread 0
----------------------------------------------------
  r=1 (00000000 00000000 00000000 00000001)

State 14249 file devtable.c function pair_pending line 648 thread 0
----------------------------------------------------
  n=0 (00000000 00000000 00000000 00000000)

State 14251 file devtable.c function pair_pending line 647 thread 0
----------------------------------------------------
  r=2 (00000000 00000000 00000000 00000010)

State 14254 file devtable.c function pair_pending line 649 thread 0
----------------------------------------------------
  goto_symex$$return_value$$pair_pending=0 (00000000 00000000 00000000 00000000)

State 14256 file devtable.c function pair_claimed line 655 thread 0
----------------------------------------------------
  return_value_pair_pending=0 (00000000 00000000 00000000 00000000)

State 14272 file devtable.c function pair_claimed line 655 thread 0
----------------------------------------------------
  goto_symex$$return_value$$pair_claimed=1 (00000000 00000000 00000000 00000001)

State 14274 file devtable.c function track_claims line 666 thread 0
----------------------------------------------------
  return_value_pair_claimed=1 (00000000 00000000 00000000 00000001)

State 14275 file devtable.c function track_claims line 666 thread 0
----------------------------------------------------
  now=1 (00000000 00000000 00000000 00000001)

State 14280 file devtable.c function track_claims line 669 thread 0
----------------------------------------------------
  unborn_drop[0l][1l]=0 (00000000 00000000 00000000 00000000)

State 14285 file devtable.c function track_claims line 672 thread 0
----------------------------------------------------
  was_claimed[0l][1l]=1 (00000000 00000000 00000000 00000001)

State 14286 file devtable.c function track_claims line 665 thread 0
----------------------------------------------------
  d=2u (00000000 00000000 00000000 00000010)

State 14293 file devtable.c function track_claims line 666 thread 0
----------------------------------------------------
  s=0 (00000000 00000000 00000000 00000000)

State 14294 file devtable.c function track_claims line 666 thread 0
----------------------------------------------------
  d=2u (00000000 00000000 00000000 00000010)

State 14298 file devtable.c function pair_claimed line 655 thread 0
----------------------------------------------------
  s=0 (00000000 00000000 00000000 00000000)

State 14299 file devtable.c function pair_claimed line 655 thread 0
----------------------------------------------------
  dev=2u (00000000 00000000 00000000 00000010)

State 14300 file devtable.c function pair_pending line 645 thread 0
----------------------------------------------------
  r=0 (00000000 00000000 00000000 00000000)

State 14302 file devtable.c function pair_pending line 645 thread 0
----------------------------------------------------
  n=0 (00000000 00000000 00000000 00000000)

State 14303 file devtable.c function pair_pending line 647 thread 0
----------------------------------------------------
  r=0 (00000000 00000000 00000000 00000000)

State 14312 file devtable.c function pair_pending line 648 thread 0
----------------------------------------------------
  n=0 (00000000 00000000 00000000 00000000)

State 14314 file devtable.c function pair_pending line 647 thread 0
----------------------------------------------------
  r=1 (00000000 00000000 00000000 00000001)

State 14324 file devtable.c function pair_pending line 648 thread 0
----------------------------------------------------
  n=0 (00000000 00000000 00000000 00000000)

State 14326 file devtable.c function pair_pending line 647 thread 0
----------------------------------------------------
  r=2 (00000000 00000000 00000000 00000010)

State 14329 file devtable.c function pair_pending line 649 thread 0
----------------------------------------------------
  goto_symex$$return_value$$pair_pending=0 (00000000 00000000 00000000 00000000)

State 14331 file devtable.c function pair_claimed line 655 thread 0
----------------------------------------------------
  return_value_pair_pending=0 (00000000 00000000 00000000 00000000)

State 14347 file devtable.c function pair_claimed line 655 thread 0
----------------------------------------------------
  goto_symex$$return_value$$pair_claimed=0 (00000000 00000000 00000000 00000000)

State 14349 file devtable.c function track_claims line 666 thread 0
----------------------------------------------------
  return_value_pair_claimed=0 (00000000 00000000 00000000 00000000)

State 14350 file devtable.c function track_claims line 666 thread 0
----------------------------------------------------
  now=0 (00000000 00000000 00000000 00000000)

State 14367 file devtable.c function track_claims line 672 thread 0
----------------------------------------------------
  was_claimed[0l][2l]=0 (00000000 00000000 00000000 00000000)

State 14368 file devtable.c function track_claims line 665 thread 0
----------------------------------------------------
  d=3u (00000000 00000000 00000000 00000011)

State 14372 file devtable.c function track_claims line 664 thread 0
----------------------------------------------------
  s=1 (00000000 00000000 00000000 00000001)

State 14375 file devtable.c function track_claims line 665 thread 0
----------------------------------------------------
  d=1u (00000000 00000000 00000000 00000001)

State 14381 file devtable.c function track_claims line 666 thread 0
----------------------------------------------------
  s=1 (00000000 00000000 00000000 00000001)

State 14382 file devtable.c function track_claims line 666 thread 0
----------------------------------------------------
  d=1u (00000000 00000000 00000000 00000001)

State 14386 file devtable.c function pair_claimed line 655 thread 0
----------------------------------------------------
  s=1 (00000000 00000000 00000000 00000001)

State 14387 file devtable.c function pair_claimed line 655 thread 0
----------------------------------------------------
  dev=1u (00000000 00000000 00000000 00000001)

State 14388 file devtable.c function pair_pending line 645 thread 0
----------------------------------------------------
  r=0 (00000000 00000000 00000000 00000000)

State 14390 file devtable.c function pair_pending line 645 thread 0
----------------------------------------------------
  n=0 (00000000 00000000 00000000 00000000)

State 14391 file devtable.c function pair_pending line 647 thread 0
----------------------------------------------------
  r=0 (00000000 00000000 00000000 00000000)

State 14400 file devtable.c function pair_pending line 648 thread 0
----------------------------------------------------
  n=0 (00000000 00000000 00000000 00000000)

State 14402 file devtable.c function pair_pending line 647 thread 0
----------------------------------------------------
  r=1 (00000000 00000000 00000000 00000001)

State 14412 file devtable.c function pair_pending line 648 thread 0
----------------------------------------------------
  n=0 (00000000 00000000 00000000 00000000)

State 14414 file devtable.c function pair_pending line 647 thread 0
----------------------------------------------------
  r=2 (00000000 00000000 00000000 00000010)

State 14417 file devtable.c function pair_pending line 649 thread 0
----------------------------------------------------
  goto_symex$$return_value$$pair_pending=0 (00000000 00000000 00000000 00000000)

State 14419 file devtable.c function pair_claimed line 655 thread 0
----------------------------------------------------
  return_value_pair_pending=0 (00000000 00000000 00000000 00000000)

State 14435 file devtable.c function pair_claimed line 655 thread 0
----------------------------------------------------
  goto_symex$$return_value$$pair_claimed=0 (00000000 00000000 00000000 00000000)

State 14437 file devtable.c function track_claims line 666 thread 0
----------------------------------------------------
  return_value_pair_claimed=0 (00000000 00000000 00000000 00000000)

State 14438 file devtable.c function track_claims line 666 thread 0
----------------------------------------------------
  now=0 (00000000 00000000 00000000 00000000)

State 14455 file devtable.c function track_claims line 672 thread 0
----------------------------------------------------
  was_claimed[1l][1l]=0 (00000000 00000000 00000000 00000000)

State 14456 file devtable.c function track_claims line 665 thread 0
----------------------------------------------------
  d=2u (00000000 00000000 00000000 00000010)

State 14463 file devtable.c function track_claims line 666 thread 0
----------------------------------------------------
  s=1 (00000000 00000000 00000000 00000001)

State 14464 file devtable.c function track_claims line 666 thread 0
----------------------------------------------------
  d=2u (00000000 00000000 00000000 00000010)

State 14468 file devtable.c function pair_claimed line 655 thread 0
----------------------------------------------------
  s=1 (00000000 00000000 00000000 00000001)

State 14469 file devtable.c function pair_claimed line 655 thread 0
----------------------------------------------------
  dev=2u (00000000 00000000 00000000 00000010)

State 14470 file devtable.c function pair_pending line 645 thread 0
----------------------------------------------------
  r=0 (00000000 00000000 00000000 00000000)

State 14472 file devtable.c function pair_pending line 645 thread 0
----------------------------------------------------
  n=0 (00000000 00000000 00000000 00000000)

State 14473 file devtable.c function pair_pending line 647 thread 0
----------------------------------------------------
  r=0 (00000000 00000000 00000000 00000000)

State 14482 file devtable.c function pair_pending line 648 thread 0
----------------------------------------------------
  n=0 (00000000 00000000 00000000 00000000)

State 14484 file devtable.c function pair_pending line 647 thread 0
----------------------------------------------------
  r=1 (00000000 00000000 00000000 00000001)

State 14494 file devtable.c function pair_pending line 648 thread 0
----------------------------------------------------
  n=0 (00000000 00000000 00000000 00000000)

State 14496 file devtable.c function pair_pending line 647 thread 0
----------------------------------------------------
  r=2 (00000000 00000000 00000000 00000010)

State 14499 file devtable.c function pair_pending line 649 thread 0
----------------------------------------------------
  goto_symex$$return_value$$pair_pending=0 (00000000 00000000 00000000 00000000)

State 14501 file devtable.c function pair_claimed line 655 thread 0
----------------------------------------------------
  return_value_pair_pending=0 (00000000 00000000 00000000 00000000)

State 14517 file devtable.c function pair_claimed line 655 thread 0
----------------------------------------------------
  goto_symex$$return_value$$pair_claimed=1 (00000000 00000000 00000000 00000001)

State 14519 file devtable.c function track_claims line 666 thread 0
----------------------------------------------------
  return_value_pair_claimed=1 (00000000 00000000 00000000 00000001)

State 14520 file devtable.c function track_claims line 666 thread 0
----------------------------------------------------
  now=1 (00000000 00000000 00000000 00000001)

State 14525 file devtable.c function track_claims line 669 thread 0
----------------------------------------------------
  unborn_drop[1l][2l]=0 (00000000 00000000 00000000 00000000)

State 14530 file devtable.c function track_claims line 672 thread 0
----------------------------------------------------
  was_claimed[1l][2l]=1 (00000000 00000000 00000000 00000001)

State 14531 file devtable.c function track_claims line 665 thread 0
----------------------------------------------------
  d=3u (00000000 00000000 00000000 00000011)

State 14535 file devtable.c function track_claims line 664 thread 0
----------------------------------------------------
  s=2 (00000000 00000000 00000000 00000010)

State 14541 file devtable.c function check_invariants line 703 thread 0
----------------------------------------------------
  s=0 (00000000 00000000 00000000 00000000)

State 14542 file devtable.c function check_invariants line 703 thread 0
----------------------------------------------------
  i=0 (00000000 00000000 00000000 00000000)

State 14543 file devtable.c function check_invariants line 703 thread 0
----------------------------------------------------
  c=0 (00000000 00000000 00000000 00000000)

State 14544 file devtable.c function check_invariants line 704 thread 0
----------------------------------------------------
  d=0u (00000000 00000000 00000000 00000000)

State 14545 file devtable.c function check_invariants line 706 thread 0
----------------------------------------------------
  c=0 (00000000 00000000 00000000 00000000)

State 14551 file devtable.c function check_invariants line 707 thread 0
----------------------------------------------------
  p=&E2 (00000100 00000000 00000000 00000000 00000000 00000000 00000000 00000000)

State 14552 file devtable.c function check_pin line 684 thread 0
----------------------------------------------------
  sb=((struct super_block *)NULL) (00000000 00000000 00000000 00000000 00000000 00000000 00000000 00000000)

State 14579 file devtable.c function check_pin line 690 thread 0
----------------------------------------------------
  sb=&S0 (00001000 00000000 00000000 00000000 00000000 00000000 00000000 00000000)

State 14596 file devtable.c function check_pin line 692 thread 0
----------------------------------------------------
  sb=&S0 (00001000 00000000 00000000 00000000 00000000 00000000 00000000 00000000)

State 14597 file devtable.c function sb_idx line 200 thread 0
----------------------------------------------------
  goto_symex$$return_value$$sb_idx=0 (00000000 00000000 00000000 00000000)

State 14599 file devtable.c function check_pin line 692 thread 0
----------------------------------------------------
  return_value_sb_idx=0 (00000000 00000000 00000000 00000000)

Violated property:
  file devtable.c function check_pin line 692 thread 0
  walk acts on a superblock that dropped its claim on the device before SB_BORN
  !(unborn_drop[(signed long int)return_value_sb_idx][(signed long int)p->sd_dev] != 0)



** 1 of 1 failed (2 iterations)
VERIFICATION FAILED
# exit=10 wall=11s
